00:00 +0: loading /Users/muyi/Downloads/dev/software-cost-calculator/apps/supplier_app/test/restore_space_admission_test.dart
00:00 +0: /Users/muyi/Downloads/dev/software-cost-calculator/apps/supplier_app/test/platform_capabilities_test.dart: all target platforms default to blocked with no production writes
00:00 +1: /Users/muyi/Downloads/dev/software-cost-calculator/apps/supplier_app/test/restore_space_admission_test.dart: space admission is before prepare artifacts and resampled before activation
00:00 +2: /Users/muyi/Downloads/dev/software-cost-calculator/apps/supplier_app/test/restore_space_admission_test.dart: space admission is before prepare artifacts and resampled before activation
00:00 +3: /Users/muyi/Downloads/dev/software-cost-calculator/apps/supplier_app/test/restore_space_admission_test.dart: space admission is before prepare artifacts and resampled before activation
00:00 +4: /Users/muyi/Downloads/dev/software-cost-calculator/apps/supplier_app/test/restore_space_admission_test.dart: space admission is before prepare artifacts and resampled before activation
00:01 +5: /Users/muyi/Downloads/dev/software-cost-calculator/apps/supplier_app/test/restore_space_admission_test.dart: space admission is before prepare artifacts and resampled before activation
WARNING (drift): It looks like you've created the database class SupplierDatabase multiple times. When these two databases use the same QueryExecutor, race conditions will occur and might corrupt the database. 
Try to follow the advice at https://drift.simonbinder.eu/faq/#using-the-database or, if you know what you're doing, set driftRuntimeOptions.dontWarnAboutMultipleDatabases = true
Here is the stacktrace from when the database was opened a second time:
#0      GeneratedDatabase._handleInstantiated (package:drift/src/runtime/api/db_base.dart:96:30)
#1      GeneratedDatabase._whenConstructed (package:drift/src/runtime/api/db_base.dart:73:12)
#2      new GeneratedDatabase (package:drift/src/runtime/api/db_base.dart:64:5)
#3      new SupplierDatabase (package:supplier_core/src/data/database.dart)
#4      NativeRestore.prepareRestore (package:supplier_app/platform/native_restore.dart:62:19)
<asynchronous suspension>
#5      main.<anonymous closure> (file:///Users/muyi/Downloads/dev/software-cost-calculator/apps/supplier_app/test/restore_space_admission_test.dart:54:25)
<asynchronous suspension>
#6      Declarer.test.<anonymous closure>.<anonymous closure> (package:test_api/src/backend/declarer.dart:253:15)
<asynchronous suspension>
#7      Declarer.test.<anonymous closure> (package:test_api/src/backend/declarer.dart:250:11)
<asynchronous suspension>
#8      Invoker._waitForOutstandingCallbacks.<anonymous closure> (package:test_api/src/backend/invoker.dart:318:9)
<asynchronous suspension>
This warning will only appear on debug builds.
00:02 +6: /Users/muyi/Downloads/dev/software-cost-calculator/apps/supplier_app/test/restore_space_admission_test.dart: space admission is before prepare artifacts and resampled before activation
WARNING (drift): It looks like you've created the database class SupplierDatabase multiple times. When these two databases use the same QueryExecutor, race conditions will occur and might corrupt the database. 
Try to follow the advice at https://drift.simonbinder.eu/faq/#using-the-database or, if you know what you're doing, set driftRuntimeOptions.dontWarnAboutMultipleDatabases = true
Here is the stacktrace from when the database was opened a second time:
#0      GeneratedDatabase._handleInstantiated (package:drift/src/runtime/api/db_base.dart:96:30)
#1      GeneratedDatabase._whenConstructed (package:drift/src/runtime/api/db_base.dart:73:12)
#2      new GeneratedDatabase (package:drift/src/runtime/api/db_base.dart:64:5)
#3      new SupplierDatabase (package:supplier_core/src/data/database.dart)
#4      NativeRestore._finishActivation (package:supplier_app/platform/native_restore.dart:289:18)
<asynchronous suspension>
#5      NativeRestore.activateRestore.<anonymous closure> (package:supplier_app/platform/native_restore.dart:174:5)
<asynchronous suspension>
#6      withApplicationWriteContext.<anonymous closure> (package:supplier_core/src/contracts.dart:74:12)
<asynchronous suspension>
#7      NativeApplicationWriteLock.run (package:supplier_app/platform/native_file_ports.dart:193:14)
<asynchronous suspension>
#8      main.<anonymous closure> (file:///Users/muyi/Downloads/dev/software-cost-calculator/apps/supplier_app/test/restore_space_admission_test.dart:70:25)
<asynchronous suspension>
#9      Declarer.test.<anonymous closure>.<anonymous closure> (package:test_api/src/backend/declarer.dart:253:15)
<asynchronous suspension>
#10     Declarer.test.<anonymous closure> (package:test_api/src/backend/declarer.dart:250:11)
<asynchronous suspension>
#11     Invoker._waitForOutstandingCallbacks.<anonymous closure> (package:test_api/src/backend/invoker.dart:318:9)
<asynchronous suspension>
This warning will only appear on debug builds.
WARNING (drift): It looks like you've created the database class SupplierDatabase multiple times. When these two databases use the same QueryExecutor, race conditions will occur and might corrupt the database. 
Try to follow the advice at https://drift.simonbinder.eu/faq/#using-the-database or, if you know what you're doing, set driftRuntimeOptions.dontWarnAboutMultipleDatabases = true
Here is the stacktrace from when the database was opened a second time:
#0      GeneratedDatabase._handleInstantiated (package:drift/src/runtime/api/db_base.dart:96:30)
#1      GeneratedDatabase._whenConstructed (package:drift/src/runtime/api/db_base.dart:73:12)
#2      new GeneratedDatabase (package:drift/src/runtime/api/db_base.dart:64:5)
#3      new SupplierDatabase (package:supplier_core/src/data/database.dart)
#4      NativeRestore._finishActivation (package:supplier_app/platform/native_restore.dart:338:16)
<asynchronous suspension>
#5      NativeRestore.activateRestore.<anonymous closure> (package:supplier_app/platform/native_restore.dart:174:5)
<asynchronous suspension>
#6      withApplicationWriteContext.<anonymous closure> (package:supplier_core/src/contracts.dart:74:12)
<asynchronous suspension>
#7      NativeApplicationWriteLock.run (package:supplier_app/platform/native_file_ports.dart:193:14)
<asynchronous suspension>
#8      main.<anonymous closure> (file:///Users/muyi/Downloads/dev/software-cost-calculator/apps/supplier_app/test/restore_space_admission_test.dart:70:25)
<asynchronous suspension>
#9      Declarer.test.<anonymous closure>.<anonymous closure> (package:test_api/src/backend/declarer.dart:253:15)
<asynchronous suspension>
#10     Declarer.test.<anonymous closure> (package:test_api/src/backend/declarer.dart:250:11)
<asynchronous suspension>
#11     Invoker._waitForOutstandingCallbacks.<anonymous closure> (package:test_api/src/backend/invoker.dart:318:9)
<asynchronous suspension>
This warning will only appear on debug builds.
00:03 +7: /Users/muyi/Downloads/dev/software-cost-calculator/apps/supplier_app/test/native_storage_migration_test.dart: backs up and upgrades legacy active once
00:03 +8: /Users/muyi/Downloads/dev/software-cost-calculator/apps/supplier_app/test/local_workflows_test.dart: conflict screen requires an explicit branch and resolves all heads
00:04 +9: /Users/muyi/Downloads/dev/software-cost-calculator/apps/supplier_app/test/bundle_workflow_test.dart: export keeps primary and abort plus both disposal failures
00:04 +10: /Users/muyi/Downloads/dev/software-cost-calculator/apps/supplier_app/test/bundle_workflow_test.dart: export keeps primary and abort plus both disposal failures
00:04 +11: /Users/muyi/Downloads/dev/software-cost-calculator/apps/supplier_app/test/bundle_workflow_test.dart: export keeps primary and abort plus both disposal failures
00:04 +12: /Users/muyi/Downloads/dev/software-cost-calculator/apps/supplier_app/test/bundle_workflow_test.dart: export keeps primary and abort plus both disposal failures
00:04 +13: /Users/muyi/Downloads/dev/software-cost-calculator/apps/supplier_app/test/native_storage_migration_test.dart: replays legacy armed_epoch before migrating final active storage
WARNING (drift): It looks like you've created the database class _Raw multiple times. When these two databases use the same QueryExecutor, race conditions will occur and might corrupt the database. 
Try to follow the advice at https://drift.simonbinder.eu/faq/#using-the-database or, if you know what you're doing, set driftRuntimeOptions.dontWarnAboutMultipleDatabases = true
Here is the stacktrace from when the database was opened a second time:
#0      GeneratedDatabase._handleInstantiated (package:drift/src/runtime/api/db_base.dart:96:30)
#1      GeneratedDatabase._whenConstructed (package:drift/src/runtime/api/db_base.dart:73:12)
#2      new GeneratedDatabase (package:drift/src/runtime/api/db_base.dart:64:5)
#3      new _Raw (file:///Users/muyi/Downloads/dev/software-cost-calculator/apps/supplier_app/test/native_storage_migration_test.dart:317:21)
#4      main.<anonymous closure> (file:///Users/muyi/Downloads/dev/software-cost-calculator/apps/supplier_app/test/native_storage_migration_test.dart:199:21)
<asynchronous suspension>
#5      Declarer.test.<anonymous closure>.<anonymous closure> (package:test_api/src/backend/declarer.dart:253:15)
<asynchronous suspension>
#6      Declarer.test.<anonymous closure> (package:test_api/src/backend/declarer.dart:250:11)
<asynchronous suspension>
#7      Invoker._waitForOutstandingCallbacks.<anonymous closure> (package:test_api/src/backend/invoker.dart:318:9)
<asynchronous suspension>
This warning will only appear on debug builds.
00:05 +14: /Users/muyi/Downloads/dev/software-cost-calculator/apps/supplier_app/test/business_import_native_test.dart: business parse cancels during source fingerprint without business writes
00:05 +14: /Users/muyi/Downloads/dev/software-cost-calculator/apps/supplier_app/test/native_storage_migration_test.dart: replays legacy switched before migrating final active storage
WARNING (drift): It looks like you've created the database class _Raw multiple times. When these two databases use the same QueryExecutor, race conditions will occur and might corrupt the database. 
Try to follow the advice at https://drift.simonbinder.eu/faq/#using-the-database or, if you know what you're doing, set driftRuntimeOptions.dontWarnAboutMultipleDatabases = true
Here is the stacktrace from when the database was opened a second time:
#0      GeneratedDatabase._handleInstantiated (package:drift/src/runtime/api/db_base.dart:96:30)
#1      GeneratedDatabase._whenConstructed (package:drift/src/runtime/api/db_base.dart:73:12)
#2      new GeneratedDatabase (package:drift/src/runtime/api/db_base.dart:64:5)
#3      new _Raw (file:///Users/muyi/Downloads/dev/software-cost-calculator/apps/supplier_app/test/native_storage_migration_test.dart:317:21)
#4      main.<anonymous closure> (file:///Users/muyi/Downloads/dev/software-cost-calculator/apps/supplier_app/test/native_storage_migration_test.dart:199:21)
<asynchronous suspension>
#5      Declarer.test.<anonymous closure>.<anonymous closure> (package:test_api/src/backend/declarer.dart:253:15)
<asynchronous suspension>
#6      Declarer.test.<anonymous closure> (package:test_api/src/backend/declarer.dart:250:11)
<asynchronous suspension>
#7      Invoker._waitForOutstandingCallbacks.<anonymous closure> (package:test_api/src/backend/invoker.dart:318:9)
<asynchronous suspension>
This warning will only appear on debug builds.
00:05 +15: /Users/muyi/Downloads/dev/software-cost-calculator/apps/supplier_app/test/business_import_native_test.dart: business parse cancels during source fingerprint without business writes
00:05 +16: /Users/muyi/Downloads/dev/software-cost-calculator/apps/supplier_app/test/business_import_native_test.dart: business parse cancels during source fingerprint without business writes
00:05 +16: /Users/muyi/Downloads/dev/software-cost-calculator/apps/supplier_app/test/native_storage_migration_test.dart: replays legacy rollback_pending before migrating final active storage
WARNING (drift): It looks like you've created the database class _Raw multiple times. When these two databases use the same QueryExecutor, race conditions will occur and might corrupt the database. 
Try to follow the advice at https://drift.simonbinder.eu/faq/#using-the-database or, if you know what you're doing, set driftRuntimeOptions.dontWarnAboutMultipleDatabases = true
Here is the stacktrace from when the database was opened a second time:
#0      GeneratedDatabase._handleInstantiated (package:drift/src/runtime/api/db_base.dart:96:30)
#1      GeneratedDatabase._whenConstructed (package:drift/src/runtime/api/db_base.dart:73:12)
#2      new GeneratedDatabase (package:drift/src/runtime/api/db_base.dart:64:5)
#3      new _Raw (file:///Users/muyi/Downloads/dev/software-cost-calculator/apps/supplier_app/test/native_storage_migration_test.dart:317:21)
#4      main.<anonymous closure> (file:///Users/muyi/Downloads/dev/software-cost-calculator/apps/supplier_app/test/native_storage_migration_test.dart:199:21)
<asynchronous suspension>
#5      Declarer.test.<anonymous closure>.<anonymous closure> (package:test_api/src/backend/declarer.dart:253:15)
<asynchronous suspension>
#6      Declarer.test.<anonymous closure> (package:test_api/src/backend/declarer.dart:250:11)
<asynchronous suspension>
#7      Invoker._waitForOutstandingCallbacks.<anonymous closure> (package:test_api/src/backend/invoker.dart:318:9)
<asynchronous suspension>
This warning will only appear on debug builds.
00:05 +17: /Users/muyi/Downloads/dev/software-cost-calculator/apps/supplier_app/test/business_import_native_test.dart: business parse cancels during source fingerprint without business writes
00:05 +18: /Users/muyi/Downloads/dev/software-cost-calculator/apps/supplier_app/test/local_workflows_test.dart: full quote form preserves decimal and identifiers and saves through workspace
00:05 +19: /Users/muyi/Downloads/dev/software-cost-calculator/apps/supplier_app/test/local_workflows_test.dart: full quote form preserves decimal and identifiers and saves through workspace
00:06 +20: /Users/muyi/Downloads/dev/software-cost-calculator/apps/supplier_app/test/local_workflows_test.dart: full quote form preserves decimal and identifiers and saves through workspace
00:06 +21: /Users/muyi/Downloads/dev/software-cost-calculator/apps/supplier_app/test/local_workflows_test.dart: full quote form preserves decimal and identifiers and saves through workspace
00:06 +22: /Users/muyi/Downloads/dev/software-cost-calculator/apps/supplier_app/test/local_workflows_test.dart: full quote form preserves decimal and identifiers and saves through workspace
00:06 +23: /Users/muyi/Downloads/dev/software-cost-calculator/apps/supplier_app/test/local_workflows_test.dart: full quote form preserves decimal and identifiers and saves through workspace
00:06 +24: /Users/muyi/Downloads/dev/software-cost-calculator/apps/supplier_app/test/local_workflows_test.dart: full quote form preserves decimal and identifiers and saves through workspace
00:06 +25: /Users/muyi/Downloads/dev/software-cost-calculator/apps/supplier_app/test/business_import_native_test.dart: cancelled prepared task cannot commit and leaves business library untouched
00:06 +26: /Users/muyi/Downloads/dev/software-cost-calculator/apps/supplier_app/test/bundle_workflow_test.dart: frozen export, explicit preview, commit retry and scratch cleanup
00:06 +27: /Users/muyi/Downloads/dev/software-cost-calculator/apps/supplier_app/test/bundle_workflow_test.dart: frozen export, explicit preview, commit retry and scratch cleanup
00:07 +28: /Users/muyi/Downloads/dev/software-cost-calculator/apps/supplier_app/test/bundle_workflow_test.dart: frozen export, explicit preview, commit retry and scratch cleanup
00:07 +29: /Users/muyi/Downloads/dev/software-cost-calculator/apps/supplier_app/test/bundle_workflow_test.dart: frozen export, explicit preview, commit retry and scratch cleanup
00:08 +30: /Users/muyi/Downloads/dev/software-cost-calculator/apps/supplier_app/test/bundle_workflow_test.dart: frozen export, explicit preview, commit retry and scratch cleanup
00:08 +31: /Users/muyi/Downloads/dev/software-cost-calculator/apps/supplier_app/test/bundle_workflow_test.dart: host export keeps frozen snapshot while source commits a write
00:09 +32: /Users/muyi/Downloads/dev/software-cost-calculator/apps/supplier_app/test/bundle_workflow_test.dart: host export keeps frozen snapshot while source commits a write
00:09 +33: /Users/muyi/Downloads/dev/software-cost-calculator/apps/supplier_app/test/bundle_workflow_test.dart: host export keeps frozen snapshot while source commits a write
00:09 +34: /Users/muyi/Downloads/dev/software-cost-calculator/apps/supplier_app/test/bundle_workflow_test.dart: host export keeps frozen snapshot while source commits a write
00:09 +35: /Users/muyi/Downloads/dev/software-cost-calculator/apps/supplier_app/test/bundle_workflow_test.dart: host export keeps frozen snapshot while source commits a write
00:09 +36: /Users/muyi/Downloads/dev/software-cost-calculator/apps/supplier_app/test/bundle_workflow_test.dart: host export keeps frozen snapshot while source commits a write
00:09 +37: /Users/muyi/Downloads/dev/software-cost-calculator/apps/supplier_app/test/bundle_workflow_test.dart: host export keeps frozen snapshot while source commits a write
00:09 +38: /Users/muyi/Downloads/dev/software-cost-calculator/apps/supplier_app/test/bundle_workflow_test.dart: host export keeps frozen snapshot while source commits a write
00:09 +39: /Users/muyi/Downloads/dev/software-cost-calculator/apps/supplier_app/test/bundle_workflow_test.dart: host export keeps frozen snapshot while source commits a write
00:10 +40: /Users/muyi/Downloads/dev/software-cost-calculator/apps/supplier_app/test/business_import_page_test.dart: merged supplier reimport skips local edits until explicit reprocess
00:10 +41: /Users/muyi/Downloads/dev/software-cost-calculator/apps/supplier_app/test/business_import_page_test.dart: merged supplier reimport skips local edits until explicit reprocess
00:10 +42: /Users/muyi/Downloads/dev/software-cost-calculator/apps/supplier_app/test/business_import_page_test.dart: merged supplier reimport skips local edits until explicit reprocess
00:10 +43: /Users/muyi/Downloads/dev/software-cost-calculator/apps/supplier_app/test/business_import_page_test.dart: merged supplier reimport skips local edits until explicit reprocess
00:10 +43: /Users/muyi/Downloads/dev/software-cost-calculator/apps/supplier_app/test/native_database_host_test.dart: reactivation never grants an old connection the new epoch
WARNING (drift): It looks like you've created the database class _InstallationDatabase multiple times. When these two databases use the same QueryExecutor, race conditions will occur and might corrupt the database. 
Try to follow the advice at https://drift.simonbinder.eu/faq/#using-the-database or, if you know what you're doing, set driftRuntimeOptions.dontWarnAboutMultipleDatabases = true
Here is the stacktrace from when the database was opened a second time:
#0      GeneratedDatabase._handleInstantiated (package:drift/src/runtime/api/db_base.dart:96:30)
#1      GeneratedDatabase._whenConstructed (package:drift/src/runtime/api/db_base.dart:73:12)
#2      new GeneratedDatabase (package:drift/src/runtime/api/db_base.dart:64:5)
#3      new _InstallationDatabase (package:supplier_app/platform/native_database_host.dart:387:38)
#4      new NativeDatabaseHost._ (package:supplier_app/platform/native_database_host.dart:22:19)
#5      NativeDatabaseHost.open (package:supplier_app/platform/native_database_host.dart:41:37)
<asynchronous suspension>
#6      main.<anonymous closure> (file:///Users/muyi/Downloads/dev/software-cost-calculator/apps/supplier_app/test/native_database_host_test.dart:94:19)
<asynchronous suspension>
#7      Declarer.test.<anonymous closure>.<anonymous closure> (package:test_api/src/backend/declarer.dart:253:15)
<asynchronous suspension>
#8      Declarer.test.<anonymous closure> (package:test_api/src/backend/declarer.dart:250:11)
<asynchronous suspension>
#9      Invoker._waitForOutstandingCallbacks.<anonymous closure> (package:test_api/src/backend/invoker.dart:318:9)
<asynchronous suspension>
This warning will only appear on debug builds.
WARNING (drift): It looks like you've created the database class SupplierDatabase multiple times. When these two databases use the same QueryExecutor, race conditions will occur and might corrupt the database. 
Try to follow the advice at https://drift.simonbinder.eu/faq/#using-the-database or, if you know what you're doing, set driftRuntimeOptions.dontWarnAboutMultipleDatabases = true
Here is the stacktrace from when the database was opened a second time:
#0      GeneratedDatabase._handleInstantiated (package:drift/src/runtime/api/db_base.dart:96:30)
#1      GeneratedDatabase._whenConstructed (package:drift/src/runtime/api/db_base.dart:73:12)
#2      new GeneratedDatabase (package:drift/src/runtime/api/db_base.dart:64:5)
#3      new SupplierDatabase (package:supplier_core/src/data/database.dart)
#4      NativeDatabaseHost.open.<anonymous closure> (package:supplier_app/platform/native_database_host.dart:112:23)
<asynchronous suspension>
#5      withApplicationWriteContext.<anonymous closure> (package:supplier_core/src/contracts.dart:74:12)
<asynchronous suspension>
#6      NativeApplicationWriteLock.run (package:supplier_app/platform/native_file_ports.dart:193:14)
<asynchronous suspension>
#7      NativeDatabaseHost.open (package:supplier_app/platform/native_database_host.dart:44:7)
<asynchronous suspension>
#8      main.<anonymous closure> (file:///Users/muyi/Downloads/dev/software-cost-calculator/apps/supplier_app/test/native_database_host_test.dart:94:19)
<asynchronous suspension>
#9      Declarer.test.<anonymous closure>.<anonymous closure> (package:test_api/src/backend/declarer.dart:253:15)
<asynchronous suspension>
#10     Declarer.test.<anonymous closure> (package:test_api/src/backend/declarer.dart:250:11)
<asynchronous suspension>
#11     Invoker._waitForOutstandingCallbacks.<anonymous closure> (package:test_api/src/backend/invoker.dart:318:9)
<asynchronous suspension>
This warning will only appear on debug builds.
00:10 +44: /Users/muyi/Downloads/dev/software-cost-calculator/apps/supplier_app/test/business_import_page_test.dart: merged supplier reimport skips local edits until explicit reprocess
00:10 +45: /Users/muyi/Downloads/dev/software-cost-calculator/apps/supplier_app/test/business_import_page_test.dart: merged supplier reimport skips local edits until explicit reprocess
00:10 +46: /Users/muyi/Downloads/dev/software-cost-calculator/apps/supplier_app/test/business_import_page_test.dart: merged supplier reimport skips local edits until explicit reprocess
00:10 +47: /Users/muyi/Downloads/dev/software-cost-calculator/apps/supplier_app/test/business_import_page_test.dart: merged supplier reimport skips local edits until explicit reprocess
00:10 +48: /Users/muyi/Downloads/dev/software-cost-calculator/apps/supplier_app/test/business_import_page_test.dart: merged supplier reimport skips local edits until explicit reprocess
00:10 +49: /Users/muyi/Downloads/dev/software-cost-calculator/apps/supplier_app/test/business_import_page_test.dart: merged supplier reimport skips local edits until explicit reprocess
00:10 +50: /Users/muyi/Downloads/dev/software-cost-calculator/apps/supplier_app/test/business_import_page_test.dart: merged supplier reimport skips local edits until explicit reprocess
00:10 +51: /Users/muyi/Downloads/dev/software-cost-calculator/apps/supplier_app/test/business_import_page_test.dart: merged supplier reimport skips local edits until explicit reprocess
00:11 +52: /Users/muyi/Downloads/dev/software-cost-calculator/apps/supplier_app/test/business_import_page_test.dart: merged supplier reimport skips local edits until explicit reprocess
00:11 +52: /Users/muyi/Downloads/dev/software-cost-calculator/apps/supplier_app/test/native_restore_concurrency_test.dart: restore holding native lock fences a concurrent staged commit
WARNING (drift): It looks like you've created the database class SupplierDatabase multiple times. When these two databases use the same QueryExecutor, race conditions will occur and might corrupt the database. 
Try to follow the advice at https://drift.simonbinder.eu/faq/#using-the-database or, if you know what you're doing, set driftRuntimeOptions.dontWarnAboutMultipleDatabases = true
Here is the stacktrace from when the database was opened a second time:
#0      GeneratedDatabase._handleInstantiated (package:drift/src/runtime/api/db_base.dart:96:30)
#1      GeneratedDatabase._whenConstructed (package:drift/src/runtime/api/db_base.dart:73:12)
#2      new GeneratedDatabase (package:drift/src/runtime/api/db_base.dart:64:5)
#3      new SupplierDatabase (package:supplier_core/src/data/database.dart)
#4      NativeRestore.prepareRestore (package:supplier_app/platform/native_restore.dart:62:19)
<asynchronous suspension>
#5      main.<anonymous closure> (file:///Users/muyi/Downloads/dev/software-cost-calculator/apps/supplier_app/test/native_restore_concurrency_test.dart:34:27)
<asynchronous suspension>
#6      Declarer.test.<anonymous closure>.<anonymous closure> (package:test_api/src/backend/declarer.dart:253:15)
<asynchronous suspension>
#7      Declarer.test.<anonymous closure> (package:test_api/src/backend/declarer.dart:250:11)
<asynchronous suspension>
#8      Invoker._waitForOutstandingCallbacks.<anonymous closure> (package:test_api/src/backend/invoker.dart:318:9)
<asynchronous suspension>
This warning will only appear on debug builds.
00:11 +53: /Users/muyi/Downloads/dev/software-cost-calculator/apps/supplier_app/test/business_import_page_test.dart: merged supplier reimport skips local edits until explicit reprocess
00:11 +53: /Users/muyi/Downloads/dev/software-cost-calculator/apps/supplier_app/test/native_restore_concurrency_test.dart: restore holding native lock fences a concurrent staged commit
WARNING (drift): It looks like you've created the database class SupplierDatabase multiple times. When these two databases use the same QueryExecutor, race conditions will occur and might corrupt the database. 
Try to follow the advice at https://drift.simonbinder.eu/faq/#using-the-database or, if you know what you're doing, set driftRuntimeOptions.dontWarnAboutMultipleDatabases = true
Here is the stacktrace from when the database was opened a second time:
#0      GeneratedDatabase._handleInstantiated (package:drift/src/runtime/api/db_base.dart:96:30)
#1      GeneratedDatabase._whenConstructed (package:drift/src/runtime/api/db_base.dart:73:12)
#2      new GeneratedDatabase (package:drift/src/runtime/api/db_base.dart:64:5)
#3      new SupplierDatabase (package:supplier_core/src/data/database.dart)
#4      NativeRestore._finishActivation (package:supplier_app/platform/native_restore.dart:289:18)
<asynchronous suspension>
#5      NativeRestore.activateRestore.<anonymous closure> (package:supplier_app/platform/native_restore.dart:174:5)
<asynchronous suspension>
#6      withApplicationWriteContext.<anonymous closure> (package:supplier_core/src/contracts.dart:74:12)
<asynchronous suspension>
#7      NativeApplicationWriteLock.run (package:supplier_app/platform/native_file_ports.dart:193:14)
<asynchronous suspension>
#8      Future.timeout.<anonymous closure> (dart:async/future_impl.dart:1061:7)
<asynchronous suspension>
#9      main.<anonymous closure> (file:///Users/muyi/Downloads/dev/software-cost-calculator/apps/supplier_app/test/native_restore_concurrency_test.dart:97:17)
<asynchronous suspension>
#10     Declarer.test.<anonymous closure>.<anonymous closure> (package:test_api/src/backend/declarer.dart:253:15)
<asynchronous suspension>
#11     Declarer.test.<anonymous closure> (package:test_api/src/backend/declarer.dart:250:11)
<asynchronous suspension>
#12     Invoker._waitForOutstandingCallbacks.<anonymous closure> (package:test_api/src/backend/invoker.dart:318:9)
<asynchronous suspension>
This warning will only appear on debug builds.
WARNING (drift): It looks like you've created the database class SupplierDatabase multiple times. When these two databases use the same QueryExecutor, race conditions will occur and might corrupt the database. 
Try to follow the advice at https://drift.simonbinder.eu/faq/#using-the-database or, if you know what you're doing, set driftRuntimeOptions.dontWarnAboutMultipleDatabases = true
Here is the stacktrace from when the database was opened a second time:
#0      GeneratedDatabase._handleInstantiated (package:drift/src/runtime/api/db_base.dart:96:30)
#1      GeneratedDatabase._whenConstructed (package:drift/src/runtime/api/db_base.dart:73:12)
#2      new GeneratedDatabase (package:drift/src/runtime/api/db_base.dart:64:5)
#3      new SupplierDatabase (package:supplier_core/src/data/database.dart)
#4      NativeRestore._finishActivation (package:supplier_app/platform/native_restore.dart:338:16)
<asynchronous suspension>
#5      NativeRestore.activateRestore.<anonymous closure> (package:supplier_app/platform/native_restore.dart:174:5)
<asynchronous suspension>
#6      withApplicationWriteContext.<anonymous closure> (package:supplier_core/src/contracts.dart:74:12)
<asynchronous suspension>
#7      NativeApplicationWriteLock.run (package:supplier_app/platform/native_file_ports.dart:193:14)
<asynchronous suspension>
#8      Future.timeout.<anonymous closure> (dart:async/future_impl.dart:1061:7)
<asynchronous suspension>
#9      main.<anonymous closure> (file:///Users/muyi/Downloads/dev/software-cost-calculator/apps/supplier_app/test/native_restore_concurrency_test.dart:97:17)
<asynchronous suspension>
#10     Declarer.test.<anonymous closure>.<anonymous closure> (package:test_api/src/backend/declarer.dart:253:15)
<asynchronous suspension>
#11     Declarer.test.<anonymous closure> (package:test_api/src/backend/declarer.dart:250:11)
<asynchronous suspension>
#12     Invoker._waitForOutstandingCallbacks.<anonymous closure> (package:test_api/src/backend/invoker.dart:318:9)
<asynchronous suspension>
This warning will only appear on debug builds.
WARNING (drift): It looks like you've created the database class _InstallationDatabase multiple times. When these two databases use the same QueryExecutor, race conditions will occur and might corrupt the database. 
Try to follow the advice at https://drift.simonbinder.eu/faq/#using-the-database or, if you know what you're doing, set driftRuntimeOptions.dontWarnAboutMultipleDatabases = true
Here is the stacktrace from when the database was opened a second time:
#0      GeneratedDatabase._handleInstantiated (package:drift/src/runtime/api/db_base.dart:96:30)
#1      GeneratedDatabase._whenConstructed (package:drift/src/runtime/api/db_base.dart:73:12)
#2      new GeneratedDatabase (package:drift/src/runtime/api/db_base.dart:64:5)
#3      new _InstallationDatabase (package:supplier_app/platform/native_database_host.dart:387:38)
#4      new NativeDatabaseHost._ (package:supplier_app/platform/native_database_host.dart:22:19)
#5      NativeDatabaseHost.open (package:supplier_app/platform/native_database_host.dart:41:37)
<asynchronous suspension>
#6      main.<anonymous closure> (file:///Users/muyi/Downloads/dev/software-cost-calculator/apps/supplier_app/test/native_restore_concurrency_test.dart:104:26)
<asynchronous suspension>
#7      Declarer.test.<anonymous closure>.<anonymous closure> (package:test_api/src/backend/declarer.dart:253:15)
<asynchronous suspension>
#8      Declarer.test.<anonymous closure> (package:test_api/src/backend/declarer.dart:250:11)
<asynchronous suspension>
#9      Invoker._waitForOutstandingCallbacks.<anonymous closure> (package:test_api/src/backend/invoker.dart:318:9)
<asynchronous suspension>
This warning will only appear on debug builds.
WARNING (drift): It looks like you've created the database class SupplierDatabase multiple times. When these two databases use the same QueryExecutor, race conditions will occur and might corrupt the database. 
Try to follow the advice at https://drift.simonbinder.eu/faq/#using-the-database or, if you know what you're doing, set driftRuntimeOptions.dontWarnAboutMultipleDatabases = true
Here is the stacktrace from when the database was opened a second time:
#0      GeneratedDatabase._handleInstantiated (package:drift/src/runtime/api/db_base.dart:96:30)
#1      GeneratedDatabase._whenConstructed (package:drift/src/runtime/api/db_base.dart:73:12)
#2      new GeneratedDatabase (package:drift/src/runtime/api/db_base.dart:64:5)
#3      new SupplierDatabase (package:supplier_core/src/data/database.dart)
#4      NativeDatabaseHost.open.<anonymous closure> (package:supplier_app/platform/native_database_host.dart:112:23)
<asynchronous suspension>
#5      withApplicationWriteContext.<anonymous closure> (package:supplier_core/src/contracts.dart:74:12)
<asynchronous suspension>
#6      NativeApplicationWriteLock.run (package:supplier_app/platform/native_file_ports.dart:193:14)
<asynchronous suspension>
#7      NativeDatabaseHost.open (package:supplier_app/platform/native_database_host.dart:44:7)
<asynchronous suspension>
#8      main.<anonymous closure> (file:///Users/muyi/Downloads/dev/software-cost-calculator/apps/supplier_app/test/native_restore_concurrency_test.dart:104:26)
<asynchronous suspension>
#9      Declarer.test.<anonymous closure>.<anonymous closure> (package:test_api/src/backend/declarer.dart:253:15)
<asynchronous suspension>
#10     Declarer.test.<anonymous closure> (package:test_api/src/backend/declarer.dart:250:11)
<asynchronous suspension>
#11     Invoker._waitForOutstandingCallbacks.<anonymous closure> (package:test_api/src/backend/invoker.dart:318:9)
<asynchronous suspension>
This warning will only appear on debug builds.
00:11 +54: /Users/muyi/Downloads/dev/software-cost-calculator/apps/supplier_app/test/business_import_page_test.dart: merged supplier reimport skips local edits until explicit reprocess
00:11 +55: /Users/muyi/Downloads/dev/software-cost-calculator/apps/supplier_app/test/business_import_page_test.dart: merged supplier reimport skips local edits until explicit reprocess
00:11 +55: /Users/muyi/Downloads/dev/software-cost-calculator/apps/supplier_app/test/native_restore_concurrency_test.dart: commit holding the native lock invalidates a concurrent restore preview
WARNING (drift): It looks like you've created the database class SupplierDatabase multiple times. When these two databases use the same QueryExecutor, race conditions will occur and might corrupt the database. 
Try to follow the advice at https://drift.simonbinder.eu/faq/#using-the-database or, if you know what you're doing, set driftRuntimeOptions.dontWarnAboutMultipleDatabases = true
Here is the stacktrace from when the database was opened a second time:
#0      GeneratedDatabase._handleInstantiated (package:drift/src/runtime/api/db_base.dart:96:30)
#1      GeneratedDatabase._whenConstructed (package:drift/src/runtime/api/db_base.dart:73:12)
#2      new GeneratedDatabase (package:drift/src/runtime/api/db_base.dart:64:5)
#3      new SupplierDatabase (package:supplier_core/src/data/database.dart)
#4      NativeRestore.prepareRestore (package:supplier_app/platform/native_restore.dart:62:19)
<asynchronous suspension>
#5      main.<anonymous closure> (file:///Users/muyi/Downloads/dev/software-cost-calculator/apps/supplier_app/test/native_restore_concurrency_test.dart:148:27)
<asynchronous suspension>
#6      Declarer.test.<anonymous closure>.<anonymous closure> (package:test_api/src/backend/declarer.dart:253:15)
<asynchronous suspension>
#7      Declarer.test.<anonymous closure> (package:test_api/src/backend/declarer.dart:250:11)
<asynchronous suspension>
#8      Invoker._waitForOutstandingCallbacks.<anonymous closure> (package:test_api/src/backend/invoker.dart:318:9)
<asynchronous suspension>
This warning will only appear on debug builds.
00:11 +56: /Users/muyi/Downloads/dev/software-cost-calculator/apps/supplier_app/test/business_import_page_test.dart: merged supplier reimport skips local edits until explicit reprocess
00:11 +57: /Users/muyi/Downloads/dev/software-cost-calculator/apps/supplier_app/test/business_import_page_test.dart: merged supplier reimport skips local edits until explicit reprocess
00:12 +57: /Users/muyi/Downloads/dev/software-cost-calculator/apps/supplier_app/test/native_restore_test.dart: restart recovers persisted armed boundary
WARNING (drift): It looks like you've created the database class _InstallationDatabase multiple times. When these two databases use the same QueryExecutor, race conditions will occur and might corrupt the database. 
Try to follow the advice at https://drift.simonbinder.eu/faq/#using-the-database or, if you know what you're doing, set driftRuntimeOptions.dontWarnAboutMultipleDatabases = true
Here is the stacktrace from when the database was opened a second time:
#0      GeneratedDatabase._handleInstantiated (package:drift/src/runtime/api/db_base.dart:96:30)
#1      GeneratedDatabase._whenConstructed (package:drift/src/runtime/api/db_base.dart:73:12)
#2      new GeneratedDatabase (package:drift/src/runtime/api/db_base.dart:64:5)
#3      new _InstallationDatabase (package:supplier_app/platform/native_database_host.dart:387:38)
#4      new NativeDatabaseHost._ (package:supplier_app/platform/native_database_host.dart:22:19)
#5      NativeDatabaseHost.open (package:supplier_app/platform/native_database_host.dart:41:37)
<asynchronous suspension>
#6      main.<anonymous closure> (file:///Users/muyi/Downloads/dev/software-cost-calculator/apps/supplier_app/test/native_restore_test.dart:29:14)
<asynchronous suspension>
#7      Future._kTrue (dart:async/future.dart:702:3)
<asynchronous suspension>
#8      _CustomZone.bindUnaryCallbackGuarded.<anonymous closure> (dart:async/zone.dart:748:12)
<asynchronous suspension>
This warning will only appear on debug builds.
WARNING (drift): It looks like you've created the database class SupplierDatabase multiple times. When these two databases use the same QueryExecutor, race conditions will occur and might corrupt the database. 
Try to follow the advice at https://drift.simonbinder.eu/faq/#using-the-database or, if you know what you're doing, set driftRuntimeOptions.dontWarnAboutMultipleDatabases = true
Here is the stacktrace from when the database was opened a second time:
#0      GeneratedDatabase._handleInstantiated (package:drift/src/runtime/api/db_base.dart:96:30)
#1      GeneratedDatabase._whenConstructed (package:drift/src/runtime/api/db_base.dart:73:12)
#2      new GeneratedDatabase (package:drift/src/runtime/api/db_base.dart:64:5)
#3      new SupplierDatabase (package:supplier_core/src/data/database.dart)
#4      NativeDatabaseHost.open.<anonymous closure> (package:supplier_app/platform/native_database_host.dart:83:23)
<asynchronous suspension>
#5      withApplicationWriteContext.<anonymous closure> (package:supplier_core/src/contracts.dart:74:12)
<asynchronous suspension>
#6      NativeApplicationWriteLock.run (package:supplier_app/platform/native_file_ports.dart:193:14)
<asynchronous suspension>
#7      NativeDatabaseHost.open (package:supplier_app/platform/native_database_host.dart:44:7)
<asynchronous suspension>
#8      main.<anonymous closure> (file:///Users/muyi/Downloads/dev/software-cost-calculator/apps/supplier_app/test/native_restore_test.dart:29:14)
<asynchronous suspension>
#9      Future._kTrue (dart:async/future.dart:702:3)
<asynchronous suspension>
#10     _CustomZone.bindUnaryCallbackGuarded.<anonymous closure> (dart:async/zone.dart:748:12)
<asynchronous suspension>
This warning will only appear on debug builds.
WARNING (drift): It looks like you've created the database class SupplierDatabase multiple times. When these two databases use the same QueryExecutor, race conditions will occur and might corrupt the database. 
Try to follow the advice at https://drift.simonbinder.eu/faq/#using-the-database or, if you know what you're doing, set driftRuntimeOptions.dontWarnAboutMultipleDatabases = true
Here is the stacktrace from when the database was opened a second time:
#0      GeneratedDatabase._handleInstantiated (package:drift/src/runtime/api/db_base.dart:96:30)
#1      GeneratedDatabase._whenConstructed (package:drift/src/runtime/api/db_base.dart:73:12)
#2      new GeneratedDatabase (package:drift/src/runtime/api/db_base.dart:64:5)
#3      new SupplierDatabase (package:supplier_core/src/data/database.dart)
#4      NativeRestore.prepareRestore (package:supplier_app/platform/native_restore.dart:62:19)
<asynchronous suspension>
#5      main.<anonymous closure> (file:///Users/muyi/Downloads/dev/software-cost-calculator/apps/supplier_app/test/native_restore_test.dart:68:18)
<asynchronous suspension>
#6      Declarer.test.<anonymous closure>.<anonymous closure> (package:test_api/src/backend/declarer.dart:253:15)
<asynchronous suspension>
#7      Declarer.test.<anonymous closure> (package:test_api/src/backend/declarer.dart:250:11)
<asynchronous suspension>
#8      Invoker._waitForOutstandingCallbacks.<anonymous closure> (package:test_api/src/backend/invoker.dart:318:9)
<asynchronous suspension>
This warning will only appear on debug builds.
00:12 +58: /Users/muyi/Downloads/dev/software-cost-calculator/apps/supplier_app/test/business_import_page_test.dart: merged supplier reimport skips local edits until explicit reprocess
00:13 +58: /Users/muyi/Downloads/dev/software-cost-calculator/apps/supplier_app/test/native_restore_test.dart: restart recovers persisted armed boundary
WARNING (drift): It looks like you've created the database class _InstallationDatabase multiple times. When these two databases use the same QueryExecutor, race conditions will occur and might corrupt the database. 
Try to follow the advice at https://drift.simonbinder.eu/faq/#using-the-database or, if you know what you're doing, set driftRuntimeOptions.dontWarnAboutMultipleDatabases = true
Here is the stacktrace from when the database was opened a second time:
#0      GeneratedDatabase._handleInstantiated (package:drift/src/runtime/api/db_base.dart:96:30)
#1      GeneratedDatabase._whenConstructed (package:drift/src/runtime/api/db_base.dart:73:12)
#2      new GeneratedDatabase (package:drift/src/runtime/api/db_base.dart:64:5)
#3      new _InstallationDatabase (package:supplier_app/platform/native_database_host.dart:387:38)
#4      new NativeDatabaseHost._ (package:supplier_app/platform/native_database_host.dart:22:19)
#5      NativeDatabaseHost.open (package:supplier_app/platform/native_database_host.dart:41:37)
<asynchronous suspension>
#6      main.<anonymous closure> (file:///Users/muyi/Downloads/dev/software-cost-calculator/apps/supplier_app/test/native_restore_test.dart:148:16)
<asynchronous suspension>
#7      Declarer.test.<anonymous closure>.<anonymous closure> (package:test_api/src/backend/declarer.dart:253:15)
<asynchronous suspension>
#8      Declarer.test.<anonymous closure> (package:test_api/src/backend/declarer.dart:250:11)
<asynchronous suspension>
#9      Invoker._waitForOutstandingCallbacks.<anonymous closure> (package:test_api/src/backend/invoker.dart:318:9)
<asynchronous suspension>
This warning will only appear on debug builds.
WARNING (drift): It looks like you've created the database class SupplierDatabase multiple times. When these two databases use the same QueryExecutor, race conditions will occur and might corrupt the database. 
Try to follow the advice at https://drift.simonbinder.eu/faq/#using-the-database or, if you know what you're doing, set driftRuntimeOptions.dontWarnAboutMultipleDatabases = true
Here is the stacktrace from when the database was opened a second time:
#0      GeneratedDatabase._handleInstantiated (package:drift/src/runtime/api/db_base.dart:96:30)
#1      GeneratedDatabase._whenConstructed (package:drift/src/runtime/api/db_base.dart:73:12)
#2      new GeneratedDatabase (package:drift/src/runtime/api/db_base.dart:64:5)
#3      new SupplierDatabase (package:supplier_core/src/data/database.dart)
#4      NativeRestore._finishActivation (package:supplier_app/platform/native_restore.dart:289:18)
<asynchronous suspension>
#5      NativeRestore._recoverActivation (package:supplier_app/platform/native_restore.dart:212:11)
<asynchronous suspension>
#6      NativeDatabaseHost.open.<anonymous closure> (package:supplier_app/platform/native_database_host.dart:54:9)
<asynchronous suspension>
#7      withApplicationWriteContext.<anonymous closure> (package:supplier_core/src/contracts.dart:74:12)
<asynchronous suspension>
#8      NativeApplicationWriteLock.run (package:supplier_app/platform/native_file_ports.dart:193:14)
<asynchronous suspension>
#9      NativeDatabaseHost.open (package:supplier_app/platform/native_database_host.dart:44:7)
<asynchronous suspension>
#10     main.<anonymous closure> (file:///Users/muyi/Downloads/dev/software-cost-calculator/apps/supplier_app/test/native_restore_test.dart:148:16)
<asynchronous suspension>
#11     Declarer.test.<anonymous closure>.<anonymous closure> (package:test_api/src/backend/declarer.dart:253:15)
<asynchronous suspension>
#12     Declarer.test.<anonymous closure> (package:test_api/src/backend/declarer.dart:250:11)
<asynchronous suspension>
#13     Invoker._waitForOutstandingCallbacks.<anonymous closure> (package:test_api/src/backend/invoker.dart:318:9)
<asynchronous suspension>
This warning will only appear on debug builds.
WARNING (drift): It looks like you've created the database class SupplierDatabase multiple times. When these two databases use the same QueryExecutor, race conditions will occur and might corrupt the database. 
Try to follow the advice at https://drift.simonbinder.eu/faq/#using-the-database or, if you know what you're doing, set driftRuntimeOptions.dontWarnAboutMultipleDatabases = true
Here is the stacktrace from when the database was opened a second time:
#0      GeneratedDatabase._handleInstantiated (package:drift/src/runtime/api/db_base.dart:96:30)
#1      GeneratedDatabase._whenConstructed (package:drift/src/runtime/api/db_base.dart:73:12)
#2      new GeneratedDatabase (package:drift/src/runtime/api/db_base.dart:64:5)
#3      new SupplierDatabase (package:supplier_core/src/data/database.dart)
#4      NativeRestore._finishActivation (package:supplier_app/platform/native_restore.dart:338:16)
<asynchronous suspension>
#5      NativeRestore._recoverActivation (package:supplier_app/platform/native_restore.dart:212:11)
<asynchronous suspension>
#6      NativeDatabaseHost.open.<anonymous closure> (package:supplier_app/platform/native_database_host.dart:54:9)
<asynchronous suspension>
#7      withApplicationWriteContext.<anonymous closure> (package:supplier_core/src/contracts.dart:74:12)
<asynchronous suspension>
#8      NativeApplicationWriteLock.run (package:supplier_app/platform/native_file_ports.dart:193:14)
<asynchronous suspension>
#9      NativeDatabaseHost.open (package:supplier_app/platform/native_database_host.dart:44:7)
<asynchronous suspension>
#10     main.<anonymous closure> (file:///Users/muyi/Downloads/dev/software-cost-calculator/apps/supplier_app/test/native_restore_test.dart:148:16)
<asynchronous suspension>
#11     Declarer.test.<anonymous closure>.<anonymous closure> (package:test_api/src/backend/declarer.dart:253:15)
<asynchronous suspension>
#12     Declarer.test.<anonymous closure> (package:test_api/src/backend/declarer.dart:250:11)
<asynchronous suspension>
#13     Invoker._waitForOutstandingCallbacks.<anonymous closure> (package:test_api/src/backend/invoker.dart:318:9)
<asynchronous suspension>
This warning will only appear on debug builds.
WARNING (drift): It looks like you've created the database class SupplierDatabase multiple times. When these two databases use the same QueryExecutor, race conditions will occur and might corrupt the database. 
Try to follow the advice at https://drift.simonbinder.eu/faq/#using-the-database or, if you know what you're doing, set driftRuntimeOptions.dontWarnAboutMultipleDatabases = true
Here is the stacktrace from when the database was opened a second time:
#0      GeneratedDatabase._handleInstantiated (package:drift/src/runtime/api/db_base.dart:96:30)
#1      GeneratedDatabase._whenConstructed (package:drift/src/runtime/api/db_base.dart:73:12)
#2      new GeneratedDatabase (package:drift/src/runtime/api/db_base.dart:64:5)
#3      new SupplierDatabase (package:supplier_core/src/data/database.dart)
#4      NativeDatabaseHost.open.<anonymous closure> (package:supplier_app/platform/native_database_host.dart:112:23)
<asynchronous suspension>
#5      withApplicationWriteContext.<anonymous closure> (package:supplier_core/src/contracts.dart:74:12)
<asynchronous suspension>
#6      NativeApplicationWriteLock.run (package:supplier_app/platform/native_file_ports.dart:193:14)
<asynchronous suspension>
#7      NativeDatabaseHost.open (package:supplier_app/platform/native_database_host.dart:44:7)
<asynchronous suspension>
#8      main.<anonymous closure> (file:///Users/muyi/Downloads/dev/software-cost-calculator/apps/supplier_app/test/native_restore_test.dart:148:16)
<asynchronous suspension>
#9      Declarer.test.<anonymous closure>.<anonymous closure> (package:test_api/src/backend/declarer.dart:253:15)
<asynchronous suspension>
#10     Declarer.test.<anonymous closure> (package:test_api/src/backend/declarer.dart:250:11)
<asynchronous suspension>
#11     Invoker._waitForOutstandingCallbacks.<anonymous closure> (package:test_api/src/backend/invoker.dart:318:9)
<asynchronous suspension>
This warning will only appear on debug builds.
00:13 +59: /Users/muyi/Downloads/dev/software-cost-calculator/apps/supplier_app/test/business_import_page_test.dart: merged supplier reimport skips local edits until explicit reprocess
00:13 +59: /Users/muyi/Downloads/dev/software-cost-calculator/apps/supplier_app/test/native_restore_test.dart: restart recovers persisted armed_epoch boundary
WARNING (drift): It looks like you've created the database class _InstallationDatabase multiple times. When these two databases use the same QueryExecutor, race conditions will occur and might corrupt the database. 
Try to follow the advice at https://drift.simonbinder.eu/faq/#using-the-database or, if you know what you're doing, set driftRuntimeOptions.dontWarnAboutMultipleDatabases = true
Here is the stacktrace from when the database was opened a second time:
#0      GeneratedDatabase._handleInstantiated (package:drift/src/runtime/api/db_base.dart:96:30)
#1      GeneratedDatabase._whenConstructed (package:drift/src/runtime/api/db_base.dart:73:12)
#2      new GeneratedDatabase (package:drift/src/runtime/api/db_base.dart:64:5)
#3      new _InstallationDatabase (package:supplier_app/platform/native_database_host.dart:387:38)
#4      new NativeDatabaseHost._ (package:supplier_app/platform/native_database_host.dart:22:19)
#5      NativeDatabaseHost.open (package:supplier_app/platform/native_database_host.dart:41:37)
<asynchronous suspension>
#6      main.<anonymous closure> (file:///Users/muyi/Downloads/dev/software-cost-calculator/apps/supplier_app/test/native_restore_test.dart:29:14)
<asynchronous suspension>
#7      Future._kTrue (dart:async/future.dart:702:3)
<asynchronous suspension>
#8      _CustomZone.bindUnaryCallbackGuarded.<anonymous closure> (dart:async/zone.dart:748:12)
<asynchronous suspension>
This warning will only appear on debug builds.
WARNING (drift): It looks like you've created the database class SupplierDatabase multiple times. When these two databases use the same QueryExecutor, race conditions will occur and might corrupt the database. 
Try to follow the advice at https://drift.simonbinder.eu/faq/#using-the-database or, if you know what you're doing, set driftRuntimeOptions.dontWarnAboutMultipleDatabases = true
Here is the stacktrace from when the database was opened a second time:
#0      GeneratedDatabase._handleInstantiated (package:drift/src/runtime/api/db_base.dart:96:30)
#1      GeneratedDatabase._whenConstructed (package:drift/src/runtime/api/db_base.dart:73:12)
#2      new GeneratedDatabase (package:drift/src/runtime/api/db_base.dart:64:5)
#3      new SupplierDatabase (package:supplier_core/src/data/database.dart)
#4      NativeDatabaseHost.open.<anonymous closure> (package:supplier_app/platform/native_database_host.dart:83:23)
<asynchronous suspension>
#5      withApplicationWriteContext.<anonymous closure> (package:supplier_core/src/contracts.dart:74:12)
<asynchronous suspension>
#6      NativeApplicationWriteLock.run (package:supplier_app/platform/native_file_ports.dart:193:14)
<asynchronous suspension>
#7      NativeDatabaseHost.open (package:supplier_app/platform/native_database_host.dart:44:7)
<asynchronous suspension>
#8      main.<anonymous closure> (file:///Users/muyi/Downloads/dev/software-cost-calculator/apps/supplier_app/test/native_restore_test.dart:29:14)
<asynchronous suspension>
#9      Future._kTrue (dart:async/future.dart:702:3)
<asynchronous suspension>
#10     _CustomZone.bindUnaryCallbackGuarded.<anonymous closure> (dart:async/zone.dart:748:12)
<asynchronous suspension>
This warning will only appear on debug builds.
00:13 +60: /Users/muyi/Downloads/dev/software-cost-calculator/apps/supplier_app/test/business_import_page_test.dart: merged supplier reimport skips local edits until explicit reprocess
00:13 +60: /Users/muyi/Downloads/dev/software-cost-calculator/apps/supplier_app/test/native_restore_test.dart: restart recovers persisted armed_epoch boundary
WARNING (drift): It looks like you've created the database class SupplierDatabase multiple times. When these two databases use the same QueryExecutor, race conditions will occur and might corrupt the database. 
Try to follow the advice at https://drift.simonbinder.eu/faq/#using-the-database or, if you know what you're doing, set driftRuntimeOptions.dontWarnAboutMultipleDatabases = true
Here is the stacktrace from when the database was opened a second time:
#0      GeneratedDatabase._handleInstantiated (package:drift/src/runtime/api/db_base.dart:96:30)
#1      GeneratedDatabase._whenConstructed (package:drift/src/runtime/api/db_base.dart:73:12)
#2      new GeneratedDatabase (package:drift/src/runtime/api/db_base.dart:64:5)
#3      new SupplierDatabase (package:supplier_core/src/data/database.dart)
#4      NativeRestore.prepareRestore (package:supplier_app/platform/native_restore.dart:62:19)
<asynchronous suspension>
#5      main.<anonymous closure> (file:///Users/muyi/Downloads/dev/software-cost-calculator/apps/supplier_app/test/native_restore_test.dart:68:18)
<asynchronous suspension>
#6      Declarer.test.<anonymous closure>.<anonymous closure> (package:test_api/src/backend/declarer.dart:253:15)
<asynchronous suspension>
#7      Declarer.test.<anonymous closure> (package:test_api/src/backend/declarer.dart:250:11)
<asynchronous suspension>
#8      Invoker._waitForOutstandingCallbacks.<anonymous closure> (package:test_api/src/backend/invoker.dart:318:9)
<asynchronous suspension>
This warning will only appear on debug builds.
WARNING (drift): It looks like you've created the database class _Metadata multiple times. When these two databases use the same QueryExecutor, race conditions will occur and might corrupt the database. 
Try to follow the advice at https://drift.simonbinder.eu/faq/#using-the-database or, if you know what you're doing, set driftRuntimeOptions.dontWarnAboutMultipleDatabases = true
Here is the stacktrace from when the database was opened a second time:
#0      GeneratedDatabase._handleInstantiated (package:drift/src/runtime/api/db_base.dart:96:30)
#1      GeneratedDatabase._whenConstructed (package:drift/src/runtime/api/db_base.dart:73:12)
#2      new GeneratedDatabase (package:drift/src/runtime/api/db_base.dart:64:5)
#3      new _Metadata (file:///Users/muyi/Downloads/dev/software-cost-calculator/apps/supplier_app/test/native_restore_test.dart:271:26)
#4      main.<anonymous closure> (file:///Users/muyi/Downloads/dev/software-cost-calculator/apps/supplier_app/test/native_restore_test.dart:104:27)
<asynchronous suspension>
#5      Declarer.test.<anonymous closure>.<anonymous closure> (package:test_api/src/backend/declarer.dart:253:15)
<asynchronous suspension>
#6      Declarer.test.<anonymous closure> (package:test_api/src/backend/declarer.dart:250:11)
<asynchronous suspension>
#7      Invoker._waitForOutstandingCallbacks.<anonymous closure> (package:test_api/src/backend/invoker.dart:318:9)
<asynchronous suspension>
This warning will only appear on debug builds.
WARNING (drift): It looks like you've created the database class _InstallationDatabase multiple times. When these two databases use the same QueryExecutor, race conditions will occur and might corrupt the database. 
Try to follow the advice at https://drift.simonbinder.eu/faq/#using-the-database or, if you know what you're doing, set driftRuntimeOptions.dontWarnAboutMultipleDatabases = true
Here is the stacktrace from when the database was opened a second time:
#0      GeneratedDatabase._handleInstantiated (package:drift/src/runtime/api/db_base.dart:96:30)
#1      GeneratedDatabase._whenConstructed (package:drift/src/runtime/api/db_base.dart:73:12)
#2      new GeneratedDatabase (package:drift/src/runtime/api/db_base.dart:64:5)
#3      new _InstallationDatabase (package:supplier_app/platform/native_database_host.dart:387:38)
#4      new NativeDatabaseHost._ (package:supplier_app/platform/native_database_host.dart:22:19)
#5      NativeDatabaseHost.open (package:supplier_app/platform/native_database_host.dart:41:37)
<asynchronous suspension>
#6      main.<anonymous closure> (file:///Users/muyi/Downloads/dev/software-cost-calculator/apps/supplier_app/test/native_restore_test.dart:148:16)
<asynchronous suspension>
#7      Declarer.test.<anonymous closure>.<anonymous closure> (package:test_api/src/backend/declarer.dart:253:15)
<asynchronous suspension>
#8      Declarer.test.<anonymous closure> (package:test_api/src/backend/declarer.dart:250:11)
<asynchronous suspension>
#9      Invoker._waitForOutstandingCallbacks.<anonymous closure> (package:test_api/src/backend/invoker.dart:318:9)
<asynchronous suspension>
This warning will only appear on debug builds.
WARNING (drift): It looks like you've created the database class SupplierDatabase multiple times. When these two databases use the same QueryExecutor, race conditions will occur and might corrupt the database. 
Try to follow the advice at https://drift.simonbinder.eu/faq/#using-the-database or, if you know what you're doing, set driftRuntimeOptions.dontWarnAboutMultipleDatabases = true
Here is the stacktrace from when the database was opened a second time:
#0      GeneratedDatabase._handleInstantiated (package:drift/src/runtime/api/db_base.dart:96:30)
#1      GeneratedDatabase._whenConstructed (package:drift/src/runtime/api/db_base.dart:73:12)
#2      new GeneratedDatabase (package:drift/src/runtime/api/db_base.dart:64:5)
#3      new SupplierDatabase (package:supplier_core/src/data/database.dart)
#4      NativeRestore._finishActivation (package:supplier_app/platform/native_restore.dart:289:18)
<asynchronous suspension>
#5      NativeRestore._recoverActivation (package:supplier_app/platform/native_restore.dart:212:11)
<asynchronous suspension>
#6      NativeDatabaseHost.open.<anonymous closure> (package:supplier_app/platform/native_database_host.dart:54:9)
<asynchronous suspension>
#7      withApplicationWriteContext.<anonymous closure> (package:supplier_core/src/contracts.dart:74:12)
<asynchronous suspension>
#8      NativeApplicationWriteLock.run (package:supplier_app/platform/native_file_ports.dart:193:14)
<asynchronous suspension>
#9      NativeDatabaseHost.open (package:supplier_app/platform/native_database_host.dart:44:7)
<asynchronous suspension>
#10     main.<anonymous closure> (file:///Users/muyi/Downloads/dev/software-cost-calculator/apps/supplier_app/test/native_restore_test.dart:148:16)
<asynchronous suspension>
#11     Declarer.test.<anonymous closure>.<anonymous closure> (package:test_api/src/backend/declarer.dart:253:15)
<asynchronous suspension>
#12     Declarer.test.<anonymous closure> (package:test_api/src/backend/declarer.dart:250:11)
<asynchronous suspension>
#13     Invoker._waitForOutstandingCallbacks.<anonymous closure> (package:test_api/src/backend/invoker.dart:318:9)
<asynchronous suspension>
This warning will only appear on debug builds.
WARNING (drift): It looks like you've created the database class SupplierDatabase multiple times. When these two databases use the same QueryExecutor, race conditions will occur and might corrupt the database. 
Try to follow the advice at https://drift.simonbinder.eu/faq/#using-the-database or, if you know what you're doing, set driftRuntimeOptions.dontWarnAboutMultipleDatabases = true
Here is the stacktrace from when the database was opened a second time:
#0      GeneratedDatabase._handleInstantiated (package:drift/src/runtime/api/db_base.dart:96:30)
#1      GeneratedDatabase._whenConstructed (package:drift/src/runtime/api/db_base.dart:73:12)
#2      new GeneratedDatabase (package:drift/src/runtime/api/db_base.dart:64:5)
#3      new SupplierDatabase (package:supplier_core/src/data/database.dart)
#4      NativeRestore._finishActivation (package:supplier_app/platform/native_restore.dart:338:16)
<asynchronous suspension>
#5      NativeRestore._recoverActivation (package:supplier_app/platform/native_restore.dart:212:11)
<asynchronous suspension>
#6      NativeDatabaseHost.open.<anonymous closure> (package:supplier_app/platform/native_database_host.dart:54:9)
<asynchronous suspension>
#7      withApplicationWriteContext.<anonymous closure> (package:supplier_core/src/contracts.dart:74:12)
<asynchronous suspension>
#8      NativeApplicationWriteLock.run (package:supplier_app/platform/native_file_ports.dart:193:14)
<asynchronous suspension>
#9      NativeDatabaseHost.open (package:supplier_app/platform/native_database_host.dart:44:7)
<asynchronous suspension>
#10     main.<anonymous closure> (file:///Users/muyi/Downloads/dev/software-cost-calculator/apps/supplier_app/test/native_restore_test.dart:148:16)
<asynchronous suspension>
#11     Declarer.test.<anonymous closure>.<anonymous closure> (package:test_api/src/backend/declarer.dart:253:15)
<asynchronous suspension>
#12     Declarer.test.<anonymous closure> (package:test_api/src/backend/declarer.dart:250:11)
<asynchronous suspension>
#13     Invoker._waitForOutstandingCallbacks.<anonymous closure> (package:test_api/src/backend/invoker.dart:318:9)
<asynchronous suspension>
This warning will only appear on debug builds.
WARNING (drift): It looks like you've created the database class SupplierDatabase multiple times. When these two databases use the same QueryExecutor, race conditions will occur and might corrupt the database. 
Try to follow the advice at https://drift.simonbinder.eu/faq/#using-the-database or, if you know what you're doing, set driftRuntimeOptions.dontWarnAboutMultipleDatabases = true
Here is the stacktrace from when the database was opened a second time:
#0      GeneratedDatabase._handleInstantiated (package:drift/src/runtime/api/db_base.dart:96:30)
#1      GeneratedDatabase._whenConstructed (package:drift/src/runtime/api/db_base.dart:73:12)
#2      new GeneratedDatabase (package:drift/src/runtime/api/db_base.dart:64:5)
#3      new SupplierDatabase (package:supplier_core/src/data/database.dart)
#4      NativeDatabaseHost.open.<anonymous closure> (package:supplier_app/platform/native_database_host.dart:112:23)
<asynchronous suspension>
#5      withApplicationWriteContext.<anonymous closure> (package:supplier_core/src/contracts.dart:74:12)
<asynchronous suspension>
#6      NativeApplicationWriteLock.run (package:supplier_app/platform/native_file_ports.dart:193:14)
<asynchronous suspension>
#7      NativeDatabaseHost.open (package:supplier_app/platform/native_database_host.dart:44:7)
<asynchronous suspension>
#8      main.<anonymous closure> (file:///Users/muyi/Downloads/dev/software-cost-calculator/apps/supplier_app/test/native_restore_test.dart:148:16)
<asynchronous suspension>
#9      Declarer.test.<anonymous closure>.<anonymous closure> (package:test_api/src/backend/declarer.dart:253:15)
<asynchronous suspension>
#10     Declarer.test.<anonymous closure> (package:test_api/src/backend/declarer.dart:250:11)
<asynchronous suspension>
#11     Invoker._waitForOutstandingCallbacks.<anonymous closure> (package:test_api/src/backend/invoker.dart:318:9)
<asynchronous suspension>
This warning will only appear on debug builds.
00:13 +61: /Users/muyi/Downloads/dev/software-cost-calculator/apps/supplier_app/test/business_import_page_test.dart: merged supplier reimport skips local edits until explicit reprocess
00:13 +61: /Users/muyi/Downloads/dev/software-cost-calculator/apps/supplier_app/test/native_restore_test.dart: restart recovers persisted switched boundary
WARNING (drift): It looks like you've created the database class _InstallationDatabase multiple times. When these two databases use the same QueryExecutor, race conditions will occur and might corrupt the database. 
Try to follow the advice at https://drift.simonbinder.eu/faq/#using-the-database or, if you know what you're doing, set driftRuntimeOptions.dontWarnAboutMultipleDatabases = true
Here is the stacktrace from when the database was opened a second time:
#0      GeneratedDatabase._handleInstantiated (package:drift/src/runtime/api/db_base.dart:96:30)
#1      GeneratedDatabase._whenConstructed (package:drift/src/runtime/api/db_base.dart:73:12)
#2      new GeneratedDatabase (package:drift/src/runtime/api/db_base.dart:64:5)
#3      new _InstallationDatabase (package:supplier_app/platform/native_database_host.dart:387:38)
#4      new NativeDatabaseHost._ (package:supplier_app/platform/native_database_host.dart:22:19)
#5      NativeDatabaseHost.open (package:supplier_app/platform/native_database_host.dart:41:37)
<asynchronous suspension>
#6      main.<anonymous closure> (file:///Users/muyi/Downloads/dev/software-cost-calculator/apps/supplier_app/test/native_restore_test.dart:29:14)
<asynchronous suspension>
#7      Future._kTrue (dart:async/future.dart:702:3)
<asynchronous suspension>
#8      _CustomZone.bindUnaryCallbackGuarded.<anonymous closure> (dart:async/zone.dart:748:12)
<asynchronous suspension>
This warning will only appear on debug builds.
WARNING (drift): It looks like you've created the database class SupplierDatabase multiple times. When these two databases use the same QueryExecutor, race conditions will occur and might corrupt the database. 
Try to follow the advice at https://drift.simonbinder.eu/faq/#using-the-database or, if you know what you're doing, set driftRuntimeOptions.dontWarnAboutMultipleDatabases = true
Here is the stacktrace from when the database was opened a second time:
#0      GeneratedDatabase._handleInstantiated (package:drift/src/runtime/api/db_base.dart:96:30)
#1      GeneratedDatabase._whenConstructed (package:drift/src/runtime/api/db_base.dart:73:12)
#2      new GeneratedDatabase (package:drift/src/runtime/api/db_base.dart:64:5)
#3      new SupplierDatabase (package:supplier_core/src/data/database.dart)
#4      NativeDatabaseHost.open.<anonymous closure> (package:supplier_app/platform/native_database_host.dart:83:23)
<asynchronous suspension>
#5      withApplicationWriteContext.<anonymous closure> (package:supplier_core/src/contracts.dart:74:12)
<asynchronous suspension>
#6      NativeApplicationWriteLock.run (package:supplier_app/platform/native_file_ports.dart:193:14)
<asynchronous suspension>
#7      NativeDatabaseHost.open (package:supplier_app/platform/native_database_host.dart:44:7)
<asynchronous suspension>
#8      main.<anonymous closure> (file:///Users/muyi/Downloads/dev/software-cost-calculator/apps/supplier_app/test/native_restore_test.dart:29:14)
<asynchronous suspension>
#9      Future._kTrue (dart:async/future.dart:702:3)
<asynchronous suspension>
#10     _CustomZone.bindUnaryCallbackGuarded.<anonymous closure> (dart:async/zone.dart:748:12)
<asynchronous suspension>
This warning will only appear on debug builds.
WARNING (drift): It looks like you've created the database class SupplierDatabase multiple times. When these two databases use the same QueryExecutor, race conditions will occur and might corrupt the database. 
Try to follow the advice at https://drift.simonbinder.eu/faq/#using-the-database or, if you know what you're doing, set driftRuntimeOptions.dontWarnAboutMultipleDatabases = true
Here is the stacktrace from when the database was opened a second time:
#0      GeneratedDatabase._handleInstantiated (package:drift/src/runtime/api/db_base.dart:96:30)
#1      GeneratedDatabase._whenConstructed (package:drift/src/runtime/api/db_base.dart:73:12)
#2      new GeneratedDatabase (package:drift/src/runtime/api/db_base.dart:64:5)
#3      new SupplierDatabase (package:supplier_core/src/data/database.dart)
#4      NativeRestore.prepareRestore (package:supplier_app/platform/native_restore.dart:62:19)
<asynchronous suspension>
#5      main.<anonymous closure> (file:///Users/muyi/Downloads/dev/software-cost-calculator/apps/supplier_app/test/native_restore_test.dart:68:18)
<asynchronous suspension>
#6      Declarer.test.<anonymous closure>.<anonymous closure> (package:test_api/src/backend/declarer.dart:253:15)
<asynchronous suspension>
#7      Declarer.test.<anonymous closure> (package:test_api/src/backend/declarer.dart:250:11)
<asynchronous suspension>
#8      Invoker._waitForOutstandingCallbacks.<anonymous closure> (package:test_api/src/backend/invoker.dart:318:9)
<asynchronous suspension>
This warning will only appear on debug builds.
WARNING (drift): It looks like you've created the database class _Metadata multiple times. When these two databases use the same QueryExecutor, race conditions will occur and might corrupt the database. 
Try to follow the advice at https://drift.simonbinder.eu/faq/#using-the-database or, if you know what you're doing, set driftRuntimeOptions.dontWarnAboutMultipleDatabases = true
Here is the stacktrace from when the database was opened a second time:
#0      GeneratedDatabase._handleInstantiated (package:drift/src/runtime/api/db_base.dart:96:30)
#1      GeneratedDatabase._whenConstructed (package:drift/src/runtime/api/db_base.dart:73:12)
#2      new GeneratedDatabase (package:drift/src/runtime/api/db_base.dart:64:5)
#3      new _Metadata (file:///Users/muyi/Downloads/dev/software-cost-calculator/apps/supplier_app/test/native_restore_test.dart:271:26)
#4      main.<anonymous closure> (file:///Users/muyi/Downloads/dev/software-cost-calculator/apps/supplier_app/test/native_restore_test.dart:104:27)
<asynchronous suspension>
#5      Declarer.test.<anonymous closure>.<anonymous closure> (package:test_api/src/backend/declarer.dart:253:15)
<asynchronous suspension>
#6      Declarer.test.<anonymous closure> (package:test_api/src/backend/declarer.dart:250:11)
<asynchronous suspension>
#7      Invoker._waitForOutstandingCallbacks.<anonymous closure> (package:test_api/src/backend/invoker.dart:318:9)
<asynchronous suspension>
This warning will only appear on debug builds.
WARNING (drift): It looks like you've created the database class _InstallationDatabase multiple times. When these two databases use the same QueryExecutor, race conditions will occur and might corrupt the database. 
Try to follow the advice at https://drift.simonbinder.eu/faq/#using-the-database or, if you know what you're doing, set driftRuntimeOptions.dontWarnAboutMultipleDatabases = true
Here is the stacktrace from when the database was opened a second time:
#0      GeneratedDatabase._handleInstantiated (package:drift/src/runtime/api/db_base.dart:96:30)
#1      GeneratedDatabase._whenConstructed (package:drift/src/runtime/api/db_base.dart:73:12)
#2      new GeneratedDatabase (package:drift/src/runtime/api/db_base.dart:64:5)
#3      new _InstallationDatabase (package:supplier_app/platform/native_database_host.dart:387:38)
#4      new NativeDatabaseHost._ (package:supplier_app/platform/native_database_host.dart:22:19)
#5      NativeDatabaseHost.open (package:supplier_app/platform/native_database_host.dart:41:37)
<asynchronous suspension>
#6      main.<anonymous closure> (file:///Users/muyi/Downloads/dev/software-cost-calculator/apps/supplier_app/test/native_restore_test.dart:148:16)
<asynchronous suspension>
#7      Declarer.test.<anonymous closure>.<anonymous closure> (package:test_api/src/backend/declarer.dart:253:15)
<asynchronous suspension>
#8      Declarer.test.<anonymous closure> (package:test_api/src/backend/declarer.dart:250:11)
<asynchronous suspension>
#9      Invoker._waitForOutstandingCallbacks.<anonymous closure> (package:test_api/src/backend/invoker.dart:318:9)
<asynchronous suspension>
This warning will only appear on debug builds.
WARNING (drift): It looks like you've created the database class SupplierDatabase multiple times. When these two databases use the same QueryExecutor, race conditions will occur and might corrupt the database. 
Try to follow the advice at https://drift.simonbinder.eu/faq/#using-the-database or, if you know what you're doing, set driftRuntimeOptions.dontWarnAboutMultipleDatabases = true
Here is the stacktrace from when the database was opened a second time:
#0      GeneratedDatabase._handleInstantiated (package:drift/src/runtime/api/db_base.dart:96:30)
#1      GeneratedDatabase._whenConstructed (package:drift/src/runtime/api/db_base.dart:73:12)
#2      new GeneratedDatabase (package:drift/src/runtime/api/db_base.dart:64:5)
#3      new SupplierDatabase (package:supplier_core/src/data/database.dart)
#4      NativeRestore._finishActivation (package:supplier_app/platform/native_restore.dart:338:16)
<asynchronous suspension>
#5      NativeRestore._recoverActivation (package:supplier_app/platform/native_restore.dart:212:11)
<asynchronous suspension>
#6      NativeDatabaseHost.open.<anonymous closure> (package:supplier_app/platform/native_database_host.dart:54:9)
<asynchronous suspension>
#7      withApplicationWriteContext.<anonymous closure> (package:supplier_core/src/contracts.dart:74:12)
<asynchronous suspension>
#8      NativeApplicationWriteLock.run (package:supplier_app/platform/native_file_ports.dart:193:14)
<asynchronous suspension>
#9      NativeDatabaseHost.open (package:supplier_app/platform/native_database_host.dart:44:7)
<asynchronous suspension>
#10     main.<anonymous closure> (file:///Users/muyi/Downloads/dev/software-cost-calculator/apps/supplier_app/test/native_restore_test.dart:148:16)
<asynchronous suspension>
#11     Declarer.test.<anonymous closure>.<anonymous closure> (package:test_api/src/backend/declarer.dart:253:15)
<asynchronous suspension>
#12     Declarer.test.<anonymous closure> (package:test_api/src/backend/declarer.dart:250:11)
<asynchronous suspension>
#13     Invoker._waitForOutstandingCallbacks.<anonymous closure> (package:test_api/src/backend/invoker.dart:318:9)
<asynchronous suspension>
This warning will only appear on debug builds.
WARNING (drift): It looks like you've created the database class SupplierDatabase multiple times. When these two databases use the same QueryExecutor, race conditions will occur and might corrupt the database. 
Try to follow the advice at https://drift.simonbinder.eu/faq/#using-the-database or, if you know what you're doing, set driftRuntimeOptions.dontWarnAboutMultipleDatabases = true
Here is the stacktrace from when the database was opened a second time:
#0      GeneratedDatabase._handleInstantiated (package:drift/src/runtime/api/db_base.dart:96:30)
#1      GeneratedDatabase._whenConstructed (package:drift/src/runtime/api/db_base.dart:73:12)
#2      new GeneratedDatabase (package:drift/src/runtime/api/db_base.dart:64:5)
#3      new SupplierDatabase (package:supplier_core/src/data/database.dart)
#4      NativeDatabaseHost.open.<anonymous closure> (package:supplier_app/platform/native_database_host.dart:112:23)
<asynchronous suspension>
#5      withApplicationWriteContext.<anonymous closure> (package:supplier_core/src/contracts.dart:74:12)
<asynchronous suspension>
#6      NativeApplicationWriteLock.run (package:supplier_app/platform/native_file_ports.dart:193:14)
<asynchronous suspension>
#7      NativeDatabaseHost.open (package:supplier_app/platform/native_database_host.dart:44:7)
<asynchronous suspension>
#8      main.<anonymous closure> (file:///Users/muyi/Downloads/dev/software-cost-calculator/apps/supplier_app/test/native_restore_test.dart:148:16)
<asynchronous suspension>
#9      Declarer.test.<anonymous closure>.<anonymous closure> (package:test_api/src/backend/declarer.dart:253:15)
<asynchronous suspension>
#10     Declarer.test.<anonymous closure> (package:test_api/src/backend/declarer.dart:250:11)
<asynchronous suspension>
#11     Invoker._waitForOutstandingCallbacks.<anonymous closure> (package:test_api/src/backend/invoker.dart:318:9)
<asynchronous suspension>
This warning will only appear on debug builds.
00:14 +62: /Users/muyi/Downloads/dev/software-cost-calculator/apps/supplier_app/test/business_import_page_test.dart: merged supplier reimport skips local edits until explicit reprocess
00:14 +62: /Users/muyi/Downloads/dev/software-cost-calculator/apps/supplier_app/test/native_restore_test.dart: restart recovers persisted rollback_pending boundary
WARNING (drift): It looks like you've created the database class _InstallationDatabase multiple times. When these two databases use the same QueryExecutor, race conditions will occur and might corrupt the database. 
Try to follow the advice at https://drift.simonbinder.eu/faq/#using-the-database or, if you know what you're doing, set driftRuntimeOptions.dontWarnAboutMultipleDatabases = true
Here is the stacktrace from when the database was opened a second time:
#0      GeneratedDatabase._handleInstantiated (package:drift/src/runtime/api/db_base.dart:96:30)
#1      GeneratedDatabase._whenConstructed (package:drift/src/runtime/api/db_base.dart:73:12)
#2      new GeneratedDatabase (package:drift/src/runtime/api/db_base.dart:64:5)
#3      new _InstallationDatabase (package:supplier_app/platform/native_database_host.dart:387:38)
#4      new NativeDatabaseHost._ (package:supplier_app/platform/native_database_host.dart:22:19)
#5      NativeDatabaseHost.open (package:supplier_app/platform/native_database_host.dart:41:37)
<asynchronous suspension>
#6      main.<anonymous closure> (file:///Users/muyi/Downloads/dev/software-cost-calculator/apps/supplier_app/test/native_restore_test.dart:29:14)
<asynchronous suspension>
#7      Future._kTrue (dart:async/future.dart:702:3)
<asynchronous suspension>
#8      _CustomZone.bindUnaryCallbackGuarded.<anonymous closure> (dart:async/zone.dart:748:12)
<asynchronous suspension>
This warning will only appear on debug builds.
WARNING (drift): It looks like you've created the database class SupplierDatabase multiple times. When these two databases use the same QueryExecutor, race conditions will occur and might corrupt the database. 
Try to follow the advice at https://drift.simonbinder.eu/faq/#using-the-database or, if you know what you're doing, set driftRuntimeOptions.dontWarnAboutMultipleDatabases = true
Here is the stacktrace from when the database was opened a second time:
#0      GeneratedDatabase._handleInstantiated (package:drift/src/runtime/api/db_base.dart:96:30)
#1      GeneratedDatabase._whenConstructed (package:drift/src/runtime/api/db_base.dart:73:12)
#2      new GeneratedDatabase (package:drift/src/runtime/api/db_base.dart:64:5)
#3      new SupplierDatabase (package:supplier_core/src/data/database.dart)
#4      NativeDatabaseHost.open.<anonymous closure> (package:supplier_app/platform/native_database_host.dart:83:23)
<asynchronous suspension>
#5      withApplicationWriteContext.<anonymous closure> (package:supplier_core/src/contracts.dart:74:12)
<asynchronous suspension>
#6      NativeApplicationWriteLock.run (package:supplier_app/platform/native_file_ports.dart:193:14)
<asynchronous suspension>
#7      NativeDatabaseHost.open (package:supplier_app/platform/native_database_host.dart:44:7)
<asynchronous suspension>
#8      main.<anonymous closure> (file:///Users/muyi/Downloads/dev/software-cost-calculator/apps/supplier_app/test/native_restore_test.dart:29:14)
<asynchronous suspension>
#9      Future._kTrue (dart:async/future.dart:702:3)
<asynchronous suspension>
#10     _CustomZone.bindUnaryCallbackGuarded.<anonymous closure> (dart:async/zone.dart:748:12)
<asynchronous suspension>
This warning will only appear on debug builds.
00:14 +63: /Users/muyi/Downloads/dev/software-cost-calculator/apps/supplier_app/test/business_import_page_test.dart: merged supplier reimport skips local edits until explicit reprocess
00:14 +63: /Users/muyi/Downloads/dev/software-cost-calculator/apps/supplier_app/test/native_restore_test.dart: restart recovers persisted rollback_pending boundary
WARNING (drift): It looks like you've created the database class SupplierDatabase multiple times. When these two databases use the same QueryExecutor, race conditions will occur and might corrupt the database. 
Try to follow the advice at https://drift.simonbinder.eu/faq/#using-the-database or, if you know what you're doing, set driftRuntimeOptions.dontWarnAboutMultipleDatabases = true
Here is the stacktrace from when the database was opened a second time:
#0      GeneratedDatabase._handleInstantiated (package:drift/src/runtime/api/db_base.dart:96:30)
#1      GeneratedDatabase._whenConstructed (package:drift/src/runtime/api/db_base.dart:73:12)
#2      new GeneratedDatabase (package:drift/src/runtime/api/db_base.dart:64:5)
#3      new SupplierDatabase (package:supplier_core/src/data/database.dart)
#4      NativeRestore.prepareRestore (package:supplier_app/platform/native_restore.dart:62:19)
<asynchronous suspension>
#5      main.<anonymous closure> (file:///Users/muyi/Downloads/dev/software-cost-calculator/apps/supplier_app/test/native_restore_test.dart:68:18)
<asynchronous suspension>
#6      Declarer.test.<anonymous closure>.<anonymous closure> (package:test_api/src/backend/declarer.dart:253:15)
<asynchronous suspension>
#7      Declarer.test.<anonymous closure> (package:test_api/src/backend/declarer.dart:250:11)
<asynchronous suspension>
#8      Invoker._waitForOutstandingCallbacks.<anonymous closure> (package:test_api/src/backend/invoker.dart:318:9)
<asynchronous suspension>
This warning will only appear on debug builds.
WARNING (drift): It looks like you've created the database class _Metadata multiple times. When these two databases use the same QueryExecutor, race conditions will occur and might corrupt the database. 
Try to follow the advice at https://drift.simonbinder.eu/faq/#using-the-database or, if you know what you're doing, set driftRuntimeOptions.dontWarnAboutMultipleDatabases = true
Here is the stacktrace from when the database was opened a second time:
#0      GeneratedDatabase._handleInstantiated (package:drift/src/runtime/api/db_base.dart:96:30)
#1      GeneratedDatabase._whenConstructed (package:drift/src/runtime/api/db_base.dart:73:12)
#2      new GeneratedDatabase (package:drift/src/runtime/api/db_base.dart:64:5)
#3      new _Metadata (file:///Users/muyi/Downloads/dev/software-cost-calculator/apps/supplier_app/test/native_restore_test.dart:271:26)
#4      main.<anonymous closure> (file:///Users/muyi/Downloads/dev/software-cost-calculator/apps/supplier_app/test/native_restore_test.dart:104:27)
<asynchronous suspension>
#5      Declarer.test.<anonymous closure>.<anonymous closure> (package:test_api/src/backend/declarer.dart:253:15)
<asynchronous suspension>
#6      Declarer.test.<anonymous closure> (package:test_api/src/backend/declarer.dart:250:11)
<asynchronous suspension>
#7      Invoker._waitForOutstandingCallbacks.<anonymous closure> (package:test_api/src/backend/invoker.dart:318:9)
<asynchronous suspension>
This warning will only appear on debug builds.
WARNING (drift): It looks like you've created the database class _InstallationDatabase multiple times. When these two databases use the same QueryExecutor, race conditions will occur and might corrupt the database. 
Try to follow the advice at https://drift.simonbinder.eu/faq/#using-the-database or, if you know what you're doing, set driftRuntimeOptions.dontWarnAboutMultipleDatabases = true
Here is the stacktrace from when the database was opened a second time:
#0      GeneratedDatabase._handleInstantiated (package:drift/src/runtime/api/db_base.dart:96:30)
#1      GeneratedDatabase._whenConstructed (package:drift/src/runtime/api/db_base.dart:73:12)
#2      new GeneratedDatabase (package:drift/src/runtime/api/db_base.dart:64:5)
#3      new _InstallationDatabase (package:supplier_app/platform/native_database_host.dart:387:38)
#4      new NativeDatabaseHost._ (package:supplier_app/platform/native_database_host.dart:22:19)
#5      NativeDatabaseHost.open (package:supplier_app/platform/native_database_host.dart:41:37)
<asynchronous suspension>
#6      main.<anonymous closure> (file:///Users/muyi/Downloads/dev/software-cost-calculator/apps/supplier_app/test/native_restore_test.dart:148:16)
<asynchronous suspension>
#7      Declarer.test.<anonymous closure>.<anonymous closure> (package:test_api/src/backend/declarer.dart:253:15)
<asynchronous suspension>
#8      Declarer.test.<anonymous closure> (package:test_api/src/backend/declarer.dart:250:11)
<asynchronous suspension>
#9      Invoker._waitForOutstandingCallbacks.<anonymous closure> (package:test_api/src/backend/invoker.dart:318:9)
<asynchronous suspension>
This warning will only appear on debug builds.
WARNING (drift): It looks like you've created the database class SupplierDatabase multiple times. When these two databases use the same QueryExecutor, race conditions will occur and might corrupt the database. 
Try to follow the advice at https://drift.simonbinder.eu/faq/#using-the-database or, if you know what you're doing, set driftRuntimeOptions.dontWarnAboutMultipleDatabases = true
Here is the stacktrace from when the database was opened a second time:
#0      GeneratedDatabase._handleInstantiated (package:drift/src/runtime/api/db_base.dart:96:30)
#1      GeneratedDatabase._whenConstructed (package:drift/src/runtime/api/db_base.dart:73:12)
#2      new GeneratedDatabase (package:drift/src/runtime/api/db_base.dart:64:5)
#3      new SupplierDatabase (package:supplier_core/src/data/database.dart)
#4      NativeRestore._rollbackActivation (package:supplier_app/platform/native_restore.dart:450:22)
<asynchronous suspension>
#5      NativeRestore._recoverActivation (package:supplier_app/platform/native_restore.dart:222:9)
<asynchronous suspension>
#6      NativeDatabaseHost.open.<anonymous closure> (package:supplier_app/platform/native_database_host.dart:54:9)
<asynchronous suspension>
#7      withApplicationWriteContext.<anonymous closure> (package:supplier_core/src/contracts.dart:74:12)
<asynchronous suspension>
#8      NativeApplicationWriteLock.run (package:supplier_app/platform/native_file_ports.dart:193:14)
<asynchronous suspension>
#9      NativeDatabaseHost.open (package:supplier_app/platform/native_database_host.dart:44:7)
<asynchronous suspension>
#10     main.<anonymous closure> (file:///Users/muyi/Downloads/dev/software-cost-calculator/apps/supplier_app/test/native_restore_test.dart:148:16)
<asynchronous suspension>
#11     Declarer.test.<anonymous closure>.<anonymous closure> (package:test_api/src/backend/declarer.dart:253:15)
<asynchronous suspension>
#12     Declarer.test.<anonymous closure> (package:test_api/src/backend/declarer.dart:250:11)
<asynchronous suspension>
#13     Invoker._waitForOutstandingCallbacks.<anonymous closure> (package:test_api/src/backend/invoker.dart:318:9)
<asynchronous suspension>
This warning will only appear on debug builds.
WARNING (drift): It looks like you've created the database class SupplierDatabase multiple times. When these two databases use the same QueryExecutor, race conditions will occur and might corrupt the database. 
Try to follow the advice at https://drift.simonbinder.eu/faq/#using-the-database or, if you know what you're doing, set driftRuntimeOptions.dontWarnAboutMultipleDatabases = true
Here is the stacktrace from when the database was opened a second time:
#0      GeneratedDatabase._handleInstantiated (package:drift/src/runtime/api/db_base.dart:96:30)
#1      GeneratedDatabase._whenConstructed (package:drift/src/runtime/api/db_base.dart:73:12)
#2      new GeneratedDatabase (package:drift/src/runtime/api/db_base.dart:64:5)
#3      new SupplierDatabase (package:supplier_core/src/data/database.dart)
#4      NativeDatabaseHost.open.<anonymous closure> (package:supplier_app/platform/native_database_host.dart:112:23)
<asynchronous suspension>
#5      withApplicationWriteContext.<anonymous closure> (package:supplier_core/src/contracts.dart:74:12)
<asynchronous suspension>
#6      NativeApplicationWriteLock.run (package:supplier_app/platform/native_file_ports.dart:193:14)
<asynchronous suspension>
#7      NativeDatabaseHost.open (package:supplier_app/platform/native_database_host.dart:44:7)
<asynchronous suspension>
#8      main.<anonymous closure> (file:///Users/muyi/Downloads/dev/software-cost-calculator/apps/supplier_app/test/native_restore_test.dart:148:16)
<asynchronous suspension>
#9      Declarer.test.<anonymous closure>.<anonymous closure> (package:test_api/src/backend/declarer.dart:253:15)
<asynchronous suspension>
#10     Declarer.test.<anonymous closure> (package:test_api/src/backend/declarer.dart:250:11)
<asynchronous suspension>
#11     Invoker._waitForOutstandingCallbacks.<anonymous closure> (package:test_api/src/backend/invoker.dart:318:9)
<asynchronous suspension>
This warning will only appear on debug builds.
00:14 +64: /Users/muyi/Downloads/dev/software-cost-calculator/apps/supplier_app/test/business_import_page_test.dart: merged supplier reimport skips local edits until explicit reprocess
00:14 +64: /Users/muyi/Downloads/dev/software-cost-calculator/apps/supplier_app/test/native_restore_test.dart: restart recovers persisted rollback_epoch boundary
WARNING (drift): It looks like you've created the database class _InstallationDatabase multiple times. When these two databases use the same QueryExecutor, race conditions will occur and might corrupt the database. 
Try to follow the advice at https://drift.simonbinder.eu/faq/#using-the-database or, if you know what you're doing, set driftRuntimeOptions.dontWarnAboutMultipleDatabases = true
Here is the stacktrace from when the database was opened a second time:
#0      GeneratedDatabase._handleInstantiated (package:drift/src/runtime/api/db_base.dart:96:30)
#1      GeneratedDatabase._whenConstructed (package:drift/src/runtime/api/db_base.dart:73:12)
#2      new GeneratedDatabase (package:drift/src/runtime/api/db_base.dart:64:5)
#3      new _InstallationDatabase (package:supplier_app/platform/native_database_host.dart:387:38)
#4      new NativeDatabaseHost._ (package:supplier_app/platform/native_database_host.dart:22:19)
#5      NativeDatabaseHost.open (package:supplier_app/platform/native_database_host.dart:41:37)
<asynchronous suspension>
#6      main.<anonymous closure> (file:///Users/muyi/Downloads/dev/software-cost-calculator/apps/supplier_app/test/native_restore_test.dart:29:14)
<asynchronous suspension>
#7      Future._kTrue (dart:async/future.dart:702:3)
<asynchronous suspension>
#8      _CustomZone.bindUnaryCallbackGuarded.<anonymous closure> (dart:async/zone.dart:748:12)
<asynchronous suspension>
This warning will only appear on debug builds.
WARNING (drift): It looks like you've created the database class SupplierDatabase multiple times. When these two databases use the same QueryExecutor, race conditions will occur and might corrupt the database. 
Try to follow the advice at https://drift.simonbinder.eu/faq/#using-the-database or, if you know what you're doing, set driftRuntimeOptions.dontWarnAboutMultipleDatabases = true
Here is the stacktrace from when the database was opened a second time:
#0      GeneratedDatabase._handleInstantiated (package:drift/src/runtime/api/db_base.dart:96:30)
#1      GeneratedDatabase._whenConstructed (package:drift/src/runtime/api/db_base.dart:73:12)
#2      new GeneratedDatabase (package:drift/src/runtime/api/db_base.dart:64:5)
#3      new SupplierDatabase (package:supplier_core/src/data/database.dart)
#4      NativeDatabaseHost.open.<anonymous closure> (package:supplier_app/platform/native_database_host.dart:83:23)
<asynchronous suspension>
#5      withApplicationWriteContext.<anonymous closure> (package:supplier_core/src/contracts.dart:74:12)
<asynchronous suspension>
#6      NativeApplicationWriteLock.run (package:supplier_app/platform/native_file_ports.dart:193:14)
<asynchronous suspension>
#7      NativeDatabaseHost.open (package:supplier_app/platform/native_database_host.dart:44:7)
<asynchronous suspension>
#8      main.<anonymous closure> (file:///Users/muyi/Downloads/dev/software-cost-calculator/apps/supplier_app/test/native_restore_test.dart:29:14)
<asynchronous suspension>
#9      Future._kTrue (dart:async/future.dart:702:3)
<asynchronous suspension>
#10     _CustomZone.bindUnaryCallbackGuarded.<anonymous closure> (dart:async/zone.dart:748:12)
<asynchronous suspension>
This warning will only appear on debug builds.
WARNING (drift): It looks like you've created the database class SupplierDatabase multiple times. When these two databases use the same QueryExecutor, race conditions will occur and might corrupt the database. 
Try to follow the advice at https://drift.simonbinder.eu/faq/#using-the-database or, if you know what you're doing, set driftRuntimeOptions.dontWarnAboutMultipleDatabases = true
Here is the stacktrace from when the database was opened a second time:
#0      GeneratedDatabase._handleInstantiated (package:drift/src/runtime/api/db_base.dart:96:30)
#1      GeneratedDatabase._whenConstructed (package:drift/src/runtime/api/db_base.dart:73:12)
#2      new GeneratedDatabase (package:drift/src/runtime/api/db_base.dart:64:5)
#3      new SupplierDatabase (package:supplier_core/src/data/database.dart)
#4      NativeRestore.prepareRestore (package:supplier_app/platform/native_restore.dart:62:19)
<asynchronous suspension>
#5      main.<anonymous closure> (file:///Users/muyi/Downloads/dev/software-cost-calculator/apps/supplier_app/test/native_restore_test.dart:68:18)
<asynchronous suspension>
#6      Declarer.test.<anonymous closure>.<anonymous closure> (package:test_api/src/backend/declarer.dart:253:15)
<asynchronous suspension>
#7      Declarer.test.<anonymous closure> (package:test_api/src/backend/declarer.dart:250:11)
<asynchronous suspension>
#8      Invoker._waitForOutstandingCallbacks.<anonymous closure> (package:test_api/src/backend/invoker.dart:318:9)
<asynchronous suspension>
This warning will only appear on debug builds.
WARNING (drift): It looks like you've created the database class _Metadata multiple times. When these two databases use the same QueryExecutor, race conditions will occur and might corrupt the database. 
Try to follow the advice at https://drift.simonbinder.eu/faq/#using-the-database or, if you know what you're doing, set driftRuntimeOptions.dontWarnAboutMultipleDatabases = true
Here is the stacktrace from when the database was opened a second time:
#0      GeneratedDatabase._handleInstantiated (package:drift/src/runtime/api/db_base.dart:96:30)
#1      GeneratedDatabase._whenConstructed (package:drift/src/runtime/api/db_base.dart:73:12)
#2      new GeneratedDatabase (package:drift/src/runtime/api/db_base.dart:64:5)
#3      new _Metadata (file:///Users/muyi/Downloads/dev/software-cost-calculator/apps/supplier_app/test/native_restore_test.dart:271:26)
#4      main.<anonymous closure> (file:///Users/muyi/Downloads/dev/software-cost-calculator/apps/supplier_app/test/native_restore_test.dart:104:27)
<asynchronous suspension>
#5      Declarer.test.<anonymous closure>.<anonymous closure> (package:test_api/src/backend/declarer.dart:253:15)
<asynchronous suspension>
#6      Declarer.test.<anonymous closure> (package:test_api/src/backend/declarer.dart:250:11)
<asynchronous suspension>
#7      Invoker._waitForOutstandingCallbacks.<anonymous closure> (package:test_api/src/backend/invoker.dart:318:9)
<asynchronous suspension>
This warning will only appear on debug builds.
WARNING (drift): It looks like you've created the database class _Metadata multiple times. When these two databases use the same QueryExecutor, race conditions will occur and might corrupt the database. 
Try to follow the advice at https://drift.simonbinder.eu/faq/#using-the-database or, if you know what you're doing, set driftRuntimeOptions.dontWarnAboutMultipleDatabases = true
Here is the stacktrace from when the database was opened a second time:
#0      GeneratedDatabase._handleInstantiated (package:drift/src/runtime/api/db_base.dart:96:30)
#1      GeneratedDatabase._whenConstructed (package:drift/src/runtime/api/db_base.dart:73:12)
#2      new GeneratedDatabase (package:drift/src/runtime/api/db_base.dart:64:5)
#3      new _Metadata (file:///Users/muyi/Downloads/dev/software-cost-calculator/apps/supplier_app/test/native_restore_test.dart:271:26)
#4      main.<anonymous closure> (file:///Users/muyi/Downloads/dev/software-cost-calculator/apps/supplier_app/test/native_restore_test.dart:119:26)
<asynchronous suspension>
#5      Declarer.test.<anonymous closure>.<anonymous closure> (package:test_api/src/backend/declarer.dart:253:15)
<asynchronous suspension>
#6      Declarer.test.<anonymous closure> (package:test_api/src/backend/declarer.dart:250:11)
<asynchronous suspension>
#7      Invoker._waitForOutstandingCallbacks.<anonymous closure> (package:test_api/src/backend/invoker.dart:318:9)
<asynchronous suspension>
This warning will only appear on debug builds.
WARNING (drift): It looks like you've created the database class _InstallationDatabase multiple times. When these two databases use the same QueryExecutor, race conditions will occur and might corrupt the database. 
Try to follow the advice at https://drift.simonbinder.eu/faq/#using-the-database or, if you know what you're doing, set driftRuntimeOptions.dontWarnAboutMultipleDatabases = true
Here is the stacktrace from when the database was opened a second time:
#0      GeneratedDatabase._handleInstantiated (package:drift/src/runtime/api/db_base.dart:96:30)
#1      GeneratedDatabase._whenConstructed (package:drift/src/runtime/api/db_base.dart:73:12)
#2      new GeneratedDatabase (package:drift/src/runtime/api/db_base.dart:64:5)
#3      new _InstallationDatabase (package:supplier_app/platform/native_database_host.dart:387:38)
#4      new NativeDatabaseHost._ (package:supplier_app/platform/native_database_host.dart:22:19)
#5      NativeDatabaseHost.open (package:supplier_app/platform/native_database_host.dart:41:37)
<asynchronous suspension>
#6      main.<anonymous closure> (file:///Users/muyi/Downloads/dev/software-cost-calculator/apps/supplier_app/test/native_restore_test.dart:148:16)
<asynchronous suspension>
#7      Declarer.test.<anonymous closure>.<anonymous closure> (package:test_api/src/backend/declarer.dart:253:15)
<asynchronous suspension>
#8      Declarer.test.<anonymous closure> (package:test_api/src/backend/declarer.dart:250:11)
<asynchronous suspension>
#9      Invoker._waitForOutstandingCallbacks.<anonymous closure> (package:test_api/src/backend/invoker.dart:318:9)
<asynchronous suspension>
This warning will only appear on debug builds.
WARNING (drift): It looks like you've created the database class SupplierDatabase multiple times. When these two databases use the same QueryExecutor, race conditions will occur and might corrupt the database. 
Try to follow the advice at https://drift.simonbinder.eu/faq/#using-the-database or, if you know what you're doing, set driftRuntimeOptions.dontWarnAboutMultipleDatabases = true
Here is the stacktrace from when the database was opened a second time:
#0      GeneratedDatabase._handleInstantiated (package:drift/src/runtime/api/db_base.dart:96:30)
#1      GeneratedDatabase._whenConstructed (package:drift/src/runtime/api/db_base.dart:73:12)
#2      new GeneratedDatabase (package:drift/src/runtime/api/db_base.dart:64:5)
#3      new SupplierDatabase (package:supplier_core/src/data/database.dart)
#4      NativeRestore._rollbackActivation (package:supplier_app/platform/native_restore.dart:450:22)
<asynchronous suspension>
#5      NativeRestore._recoverActivation (package:supplier_app/platform/native_restore.dart:222:9)
<asynchronous suspension>
#6      NativeDatabaseHost.open.<anonymous closure> (package:supplier_app/platform/native_database_host.dart:54:9)
<asynchronous suspension>
#7      withApplicationWriteContext.<anonymous closure> (package:supplier_core/src/contracts.dart:74:12)
<asynchronous suspension>
#8      NativeApplicationWriteLock.run (package:supplier_app/platform/native_file_ports.dart:193:14)
<asynchronous suspension>
#9      NativeDatabaseHost.open (package:supplier_app/platform/native_database_host.dart:44:7)
<asynchronous suspension>
#10     main.<anonymous closure> (file:///Users/muyi/Downloads/dev/software-cost-calculator/apps/supplier_app/test/native_restore_test.dart:148:16)
<asynchronous suspension>
#11     Declarer.test.<anonymous closure>.<anonymous closure> (package:test_api/src/backend/declarer.dart:253:15)
<asynchronous suspension>
#12     Declarer.test.<anonymous closure> (package:test_api/src/backend/declarer.dart:250:11)
<asynchronous suspension>
#13     Invoker._waitForOutstandingCallbacks.<anonymous closure> (package:test_api/src/backend/invoker.dart:318:9)
<asynchronous suspension>
This warning will only appear on debug builds.
WARNING (drift): It looks like you've created the database class SupplierDatabase multiple times. When these two databases use the same QueryExecutor, race conditions will occur and might corrupt the database. 
Try to follow the advice at https://drift.simonbinder.eu/faq/#using-the-database or, if you know what you're doing, set driftRuntimeOptions.dontWarnAboutMultipleDatabases = true
Here is the stacktrace from when the database was opened a second time:
#0      GeneratedDatabase._handleInstantiated (package:drift/src/runtime/api/db_base.dart:96:30)
#1      GeneratedDatabase._whenConstructed (package:drift/src/runtime/api/db_base.dart:73:12)
#2      new GeneratedDatabase (package:drift/src/runtime/api/db_base.dart:64:5)
#3      new SupplierDatabase (package:supplier_core/src/data/database.dart)
#4      NativeDatabaseHost.open.<anonymous closure> (package:supplier_app/platform/native_database_host.dart:112:23)
<asynchronous suspension>
#5      withApplicationWriteContext.<anonymous closure> (package:supplier_core/src/contracts.dart:74:12)
<asynchronous suspension>
#6      NativeApplicationWriteLock.run (package:supplier_app/platform/native_file_ports.dart:193:14)
<asynchronous suspension>
#7      NativeDatabaseHost.open (package:supplier_app/platform/native_database_host.dart:44:7)
<asynchronous suspension>
#8      main.<anonymous closure> (file:///Users/muyi/Downloads/dev/software-cost-calculator/apps/supplier_app/test/native_restore_test.dart:148:16)
<asynchronous suspension>
#9      Declarer.test.<anonymous closure>.<anonymous closure> (package:test_api/src/backend/declarer.dart:253:15)
<asynchronous suspension>
#10     Declarer.test.<anonymous closure> (package:test_api/src/backend/declarer.dart:250:11)
<asynchronous suspension>
#11     Invoker._waitForOutstandingCallbacks.<anonymous closure> (package:test_api/src/backend/invoker.dart:318:9)
<asynchronous suspension>
This warning will only appear on debug builds.
00:14 +65: /Users/muyi/Downloads/dev/software-cost-calculator/apps/supplier_app/test/business_import_page_test.dart: merged supplier reimport skips local edits until explicit reprocess
00:14 +65: /Users/muyi/Downloads/dev/software-cost-calculator/apps/supplier_app/test/native_restore_test.dart: restart recovers persisted switched_corrupt boundary
WARNING (drift): It looks like you've created the database class _InstallationDatabase multiple times. When these two databases use the same QueryExecutor, race conditions will occur and might corrupt the database. 
Try to follow the advice at https://drift.simonbinder.eu/faq/#using-the-database or, if you know what you're doing, set driftRuntimeOptions.dontWarnAboutMultipleDatabases = true
Here is the stacktrace from when the database was opened a second time:
#0      GeneratedDatabase._handleInstantiated (package:drift/src/runtime/api/db_base.dart:96:30)
#1      GeneratedDatabase._whenConstructed (package:drift/src/runtime/api/db_base.dart:73:12)
#2      new GeneratedDatabase (package:drift/src/runtime/api/db_base.dart:64:5)
#3      new _InstallationDatabase (package:supplier_app/platform/native_database_host.dart:387:38)
#4      new NativeDatabaseHost._ (package:supplier_app/platform/native_database_host.dart:22:19)
#5      NativeDatabaseHost.open (package:supplier_app/platform/native_database_host.dart:41:37)
<asynchronous suspension>
#6      main.<anonymous closure> (file:///Users/muyi/Downloads/dev/software-cost-calculator/apps/supplier_app/test/native_restore_test.dart:29:14)
<asynchronous suspension>
#7      Future._kTrue (dart:async/future.dart:702:3)
<asynchronous suspension>
#8      _CustomZone.bindUnaryCallbackGuarded.<anonymous closure> (dart:async/zone.dart:748:12)
<asynchronous suspension>
This warning will only appear on debug builds.
WARNING (drift): It looks like you've created the database class SupplierDatabase multiple times. When these two databases use the same QueryExecutor, race conditions will occur and might corrupt the database. 
Try to follow the advice at https://drift.simonbinder.eu/faq/#using-the-database or, if you know what you're doing, set driftRuntimeOptions.dontWarnAboutMultipleDatabases = true
Here is the stacktrace from when the database was opened a second time:
#0      GeneratedDatabase._handleInstantiated (package:drift/src/runtime/api/db_base.dart:96:30)
#1      GeneratedDatabase._whenConstructed (package:drift/src/runtime/api/db_base.dart:73:12)
#2      new GeneratedDatabase (package:drift/src/runtime/api/db_base.dart:64:5)
#3      new SupplierDatabase (package:supplier_core/src/data/database.dart)
#4      NativeDatabaseHost.open.<anonymous closure> (package:supplier_app/platform/native_database_host.dart:83:23)
<asynchronous suspension>
#5      withApplicationWriteContext.<anonymous closure> (package:supplier_core/src/contracts.dart:74:12)
<asynchronous suspension>
#6      NativeApplicationWriteLock.run (package:supplier_app/platform/native_file_ports.dart:193:14)
<asynchronous suspension>
#7      NativeDatabaseHost.open (package:supplier_app/platform/native_database_host.dart:44:7)
<asynchronous suspension>
#8      main.<anonymous closure> (file:///Users/muyi/Downloads/dev/software-cost-calculator/apps/supplier_app/test/native_restore_test.dart:29:14)
<asynchronous suspension>
#9      Future._kTrue (dart:async/future.dart:702:3)
<asynchronous suspension>
#10     _CustomZone.bindUnaryCallbackGuarded.<anonymous closure> (dart:async/zone.dart:748:12)
<asynchronous suspension>
This warning will only appear on debug builds.
WARNING (drift): It looks like you've created the database class SupplierDatabase multiple times. When these two databases use the same QueryExecutor, race conditions will occur and might corrupt the database. 
Try to follow the advice at https://drift.simonbinder.eu/faq/#using-the-database or, if you know what you're doing, set driftRuntimeOptions.dontWarnAboutMultipleDatabases = true
Here is the stacktrace from when the database was opened a second time:
#0      GeneratedDatabase._handleInstantiated (package:drift/src/runtime/api/db_base.dart:96:30)
#1      GeneratedDatabase._whenConstructed (package:drift/src/runtime/api/db_base.dart:73:12)
#2      new GeneratedDatabase (package:drift/src/runtime/api/db_base.dart:64:5)
#3      new SupplierDatabase (package:supplier_core/src/data/database.dart)
#4      NativeRestore.prepareRestore (package:supplier_app/platform/native_restore.dart:62:19)
<asynchronous suspension>
#5      main.<anonymous closure> (file:///Users/muyi/Downloads/dev/software-cost-calculator/apps/supplier_app/test/native_restore_test.dart:68:18)
<asynchronous suspension>
#6      Declarer.test.<anonymous closure>.<anonymous closure> (package:test_api/src/backend/declarer.dart:253:15)
<asynchronous suspension>
#7      Declarer.test.<anonymous closure> (package:test_api/src/backend/declarer.dart:250:11)
<asynchronous suspension>
#8      Invoker._waitForOutstandingCallbacks.<anonymous closure> (package:test_api/src/backend/invoker.dart:318:9)
<asynchronous suspension>
This warning will only appear on debug builds.
WARNING (drift): It looks like you've created the database class _Metadata multiple times. When these two databases use the same QueryExecutor, race conditions will occur and might corrupt the database. 
Try to follow the advice at https://drift.simonbinder.eu/faq/#using-the-database or, if you know what you're doing, set driftRuntimeOptions.dontWarnAboutMultipleDatabases = true
Here is the stacktrace from when the database was opened a second time:
#0      GeneratedDatabase._handleInstantiated (package:drift/src/runtime/api/db_base.dart:96:30)
#1      GeneratedDatabase._whenConstructed (package:drift/src/runtime/api/db_base.dart:73:12)
#2      new GeneratedDatabase (package:drift/src/runtime/api/db_base.dart:64:5)
#3      new _Metadata (file:///Users/muyi/Downloads/dev/software-cost-calculator/apps/supplier_app/test/native_restore_test.dart:271:26)
#4      main.<anonymous closure> (file:///Users/muyi/Downloads/dev/software-cost-calculator/apps/supplier_app/test/native_restore_test.dart:104:27)
<asynchronous suspension>
#5      Declarer.test.<anonymous closure>.<anonymous closure> (package:test_api/src/backend/declarer.dart:253:15)
<asynchronous suspension>
#6      Declarer.test.<anonymous closure> (package:test_api/src/backend/declarer.dart:250:11)
<asynchronous suspension>
#7      Invoker._waitForOutstandingCallbacks.<anonymous closure> (package:test_api/src/backend/invoker.dart:318:9)
<asynchronous suspension>
This warning will only appear on debug builds.
WARNING (drift): It looks like you've created the database class _InstallationDatabase multiple times. When these two databases use the same QueryExecutor, race conditions will occur and might corrupt the database. 
Try to follow the advice at https://drift.simonbinder.eu/faq/#using-the-database or, if you know what you're doing, set driftRuntimeOptions.dontWarnAboutMultipleDatabases = true
Here is the stacktrace from when the database was opened a second time:
#0      GeneratedDatabase._handleInstantiated (package:drift/src/runtime/api/db_base.dart:96:30)
#1      GeneratedDatabase._whenConstructed (package:drift/src/runtime/api/db_base.dart:73:12)
#2      new GeneratedDatabase (package:drift/src/runtime/api/db_base.dart:64:5)
#3      new _InstallationDatabase (package:supplier_app/platform/native_database_host.dart:387:38)
#4      new NativeDatabaseHost._ (package:supplier_app/platform/native_database_host.dart:22:19)
#5      NativeDatabaseHost.open (package:supplier_app/platform/native_database_host.dart:41:37)
<asynchronous suspension>
#6      main.<anonymous closure> (file:///Users/muyi/Downloads/dev/software-cost-calculator/apps/supplier_app/test/native_restore_test.dart:148:16)
<asynchronous suspension>
#7      Declarer.test.<anonymous closure>.<anonymous closure> (package:test_api/src/backend/declarer.dart:253:15)
<asynchronous suspension>
#8      Declarer.test.<anonymous closure> (package:test_api/src/backend/declarer.dart:250:11)
<asynchronous suspension>
#9      Invoker._waitForOutstandingCallbacks.<anonymous closure> (package:test_api/src/backend/invoker.dart:318:9)
<asynchronous suspension>
This warning will only appear on debug builds.
WARNING (drift): It looks like you've created the database class SupplierDatabase multiple times. When these two databases use the same QueryExecutor, race conditions will occur and might corrupt the database. 
Try to follow the advice at https://drift.simonbinder.eu/faq/#using-the-database or, if you know what you're doing, set driftRuntimeOptions.dontWarnAboutMultipleDatabases = true
Here is the stacktrace from when the database was opened a second time:
#0      GeneratedDatabase._handleInstantiated (package:drift/src/runtime/api/db_base.dart:96:30)
#1      GeneratedDatabase._whenConstructed (package:drift/src/runtime/api/db_base.dart:73:12)
#2      new GeneratedDatabase (package:drift/src/runtime/api/db_base.dart:64:5)
#3      new SupplierDatabase (package:supplier_core/src/data/database.dart)
#4      NativeRestore._rollbackActivation (package:supplier_app/platform/native_restore.dart:450:22)
<asynchronous suspension>
#5      NativeRestore._finishActivation (package:supplier_app/platform/native_restore.dart:396:11)
<asynchronous suspension>
#6      NativeRestore._recoverActivation (package:supplier_app/platform/native_restore.dart:212:11)
<asynchronous suspension>
#7      NativeDatabaseHost.open.<anonymous closure> (package:supplier_app/platform/native_database_host.dart:54:9)
<asynchronous suspension>
#8      withApplicationWriteContext.<anonymous closure> (package:supplier_core/src/contracts.dart:74:12)
<asynchronous suspension>
#9      NativeApplicationWriteLock.run (package:supplier_app/platform/native_file_ports.dart:193:14)
<asynchronous suspension>
#10     NativeDatabaseHost.open (package:supplier_app/platform/native_database_host.dart:44:7)
<asynchronous suspension>
#11     main.<anonymous closure> (file:///Users/muyi/Downloads/dev/software-cost-calculator/apps/supplier_app/test/native_restore_test.dart:148:16)
<asynchronous suspension>
#12     Declarer.test.<anonymous closure>.<anonymous closure> (package:test_api/src/backend/declarer.dart:253:15)
<asynchronous suspension>
#13     Declarer.test.<anonymous closure> (package:test_api/src/backend/declarer.dart:250:11)
<asynchronous suspension>
#14     Invoker._waitForOutstandingCallbacks.<anonymous closure> (package:test_api/src/backend/invoker.dart:318:9)
<asynchronous suspension>
This warning will only appear on debug builds.
WARNING (drift): It looks like you've created the database class SupplierDatabase multiple times. When these two databases use the same QueryExecutor, race conditions will occur and might corrupt the database. 
Try to follow the advice at https://drift.simonbinder.eu/faq/#using-the-database or, if you know what you're doing, set driftRuntimeOptions.dontWarnAboutMultipleDatabases = true
Here is the stacktrace from when the database was opened a second time:
#0      GeneratedDatabase._handleInstantiated (package:drift/src/runtime/api/db_base.dart:96:30)
#1      GeneratedDatabase._whenConstructed (package:drift/src/runtime/api/db_base.dart:73:12)
#2      new GeneratedDatabase (package:drift/src/runtime/api/db_base.dart:64:5)
#3      new SupplierDatabase (package:supplier_core/src/data/database.dart)
#4      NativeDatabaseHost.open.<anonymous closure> (package:supplier_app/platform/native_database_host.dart:112:23)
<asynchronous suspension>
#5      withApplicationWriteContext.<anonymous closure> (package:supplier_core/src/contracts.dart:74:12)
<asynchronous suspension>
#6      NativeApplicationWriteLock.run (package:supplier_app/platform/native_file_ports.dart:193:14)
<asynchronous suspension>
#7      NativeDatabaseHost.open (package:supplier_app/platform/native_database_host.dart:44:7)
<asynchronous suspension>
#8      main.<anonymous closure> (file:///Users/muyi/Downloads/dev/software-cost-calculator/apps/supplier_app/test/native_restore_test.dart:148:16)
<asynchronous suspension>
#9      Declarer.test.<anonymous closure>.<anonymous closure> (package:test_api/src/backend/declarer.dart:253:15)
<asynchronous suspension>
#10     Declarer.test.<anonymous closure> (package:test_api/src/backend/declarer.dart:250:11)
<asynchronous suspension>
#11     Invoker._waitForOutstandingCallbacks.<anonymous closure> (package:test_api/src/backend/invoker.dart:318:9)
<asynchronous suspension>
This warning will only appear on debug builds.
00:15 +66: /Users/muyi/Downloads/dev/software-cost-calculator/apps/supplier_app/test/business_import_page_test.dart: merged supplier reimport skips local edits until explicit reprocess
00:15 +66: /Users/muyi/Downloads/dev/software-cost-calculator/apps/supplier_app/test/native_restore_test.dart: restart recovers persisted armed_epoch_setting boundary
WARNING (drift): It looks like you've created the database class _InstallationDatabase multiple times. When these two databases use the same QueryExecutor, race conditions will occur and might corrupt the database. 
Try to follow the advice at https://drift.simonbinder.eu/faq/#using-the-database or, if you know what you're doing, set driftRuntimeOptions.dontWarnAboutMultipleDatabases = true
Here is the stacktrace from when the database was opened a second time:
#0      GeneratedDatabase._handleInstantiated (package:drift/src/runtime/api/db_base.dart:96:30)
#1      GeneratedDatabase._whenConstructed (package:drift/src/runtime/api/db_base.dart:73:12)
#2      new GeneratedDatabase (package:drift/src/runtime/api/db_base.dart:64:5)
#3      new _InstallationDatabase (package:supplier_app/platform/native_database_host.dart:387:38)
#4      new NativeDatabaseHost._ (package:supplier_app/platform/native_database_host.dart:22:19)
#5      NativeDatabaseHost.open (package:supplier_app/platform/native_database_host.dart:41:37)
<asynchronous suspension>
#6      main.<anonymous closure> (file:///Users/muyi/Downloads/dev/software-cost-calculator/apps/supplier_app/test/native_restore_test.dart:29:14)
<asynchronous suspension>
#7      Future._kTrue (dart:async/future.dart:702:3)
<asynchronous suspension>
#8      _CustomZone.bindUnaryCallbackGuarded.<anonymous closure> (dart:async/zone.dart:748:12)
<asynchronous suspension>
This warning will only appear on debug builds.
WARNING (drift): It looks like you've created the database class SupplierDatabase multiple times. When these two databases use the same QueryExecutor, race conditions will occur and might corrupt the database. 
Try to follow the advice at https://drift.simonbinder.eu/faq/#using-the-database or, if you know what you're doing, set driftRuntimeOptions.dontWarnAboutMultipleDatabases = true
Here is the stacktrace from when the database was opened a second time:
#0      GeneratedDatabase._handleInstantiated (package:drift/src/runtime/api/db_base.dart:96:30)
#1      GeneratedDatabase._whenConstructed (package:drift/src/runtime/api/db_base.dart:73:12)
#2      new GeneratedDatabase (package:drift/src/runtime/api/db_base.dart:64:5)
#3      new SupplierDatabase (package:supplier_core/src/data/database.dart)
#4      NativeDatabaseHost.open.<anonymous closure> (package:supplier_app/platform/native_database_host.dart:83:23)
<asynchronous suspension>
#5      withApplicationWriteContext.<anonymous closure> (package:supplier_core/src/contracts.dart:74:12)
<asynchronous suspension>
#6      NativeApplicationWriteLock.run (package:supplier_app/platform/native_file_ports.dart:193:14)
<asynchronous suspension>
#7      NativeDatabaseHost.open (package:supplier_app/platform/native_database_host.dart:44:7)
<asynchronous suspension>
#8      main.<anonymous closure> (file:///Users/muyi/Downloads/dev/software-cost-calculator/apps/supplier_app/test/native_restore_test.dart:29:14)
<asynchronous suspension>
#9      Future._kTrue (dart:async/future.dart:702:3)
<asynchronous suspension>
#10     _CustomZone.bindUnaryCallbackGuarded.<anonymous closure> (dart:async/zone.dart:748:12)
<asynchronous suspension>
This warning will only appear on debug builds.
WARNING (drift): It looks like you've created the database class SupplierDatabase multiple times. When these two databases use the same QueryExecutor, race conditions will occur and might corrupt the database. 
Try to follow the advice at https://drift.simonbinder.eu/faq/#using-the-database or, if you know what you're doing, set driftRuntimeOptions.dontWarnAboutMultipleDatabases = true
Here is the stacktrace from when the database was opened a second time:
#0      GeneratedDatabase._handleInstantiated (package:drift/src/runtime/api/db_base.dart:96:30)
#1      GeneratedDatabase._whenConstructed (package:drift/src/runtime/api/db_base.dart:73:12)
#2      new GeneratedDatabase (package:drift/src/runtime/api/db_base.dart:64:5)
#3      new SupplierDatabase (package:supplier_core/src/data/database.dart)
#4      NativeRestore.prepareRestore (package:supplier_app/platform/native_restore.dart:62:19)
<asynchronous suspension>
#5      main.<anonymous closure> (file:///Users/muyi/Downloads/dev/software-cost-calculator/apps/supplier_app/test/native_restore_test.dart:68:18)
<asynchronous suspension>
#6      Declarer.test.<anonymous closure>.<anonymous closure> (package:test_api/src/backend/declarer.dart:253:15)
<asynchronous suspension>
#7      Declarer.test.<anonymous closure> (package:test_api/src/backend/declarer.dart:250:11)
<asynchronous suspension>
#8      Invoker._waitForOutstandingCallbacks.<anonymous closure> (package:test_api/src/backend/invoker.dart:318:9)
<asynchronous suspension>
This warning will only appear on debug builds.
WARNING (drift): It looks like you've created the database class _Metadata multiple times. When these two databases use the same QueryExecutor, race conditions will occur and might corrupt the database. 
Try to follow the advice at https://drift.simonbinder.eu/faq/#using-the-database or, if you know what you're doing, set driftRuntimeOptions.dontWarnAboutMultipleDatabases = true
Here is the stacktrace from when the database was opened a second time:
#0      GeneratedDatabase._handleInstantiated (package:drift/src/runtime/api/db_base.dart:96:30)
#1      GeneratedDatabase._whenConstructed (package:drift/src/runtime/api/db_base.dart:73:12)
#2      new GeneratedDatabase (package:drift/src/runtime/api/db_base.dart:64:5)
#3      new _Metadata (file:///Users/muyi/Downloads/dev/software-cost-calculator/apps/supplier_app/test/native_restore_test.dart:271:26)
#4      main.<anonymous closure> (file:///Users/muyi/Downloads/dev/software-cost-calculator/apps/supplier_app/test/native_restore_test.dart:104:27)
<asynchronous suspension>
#5      Declarer.test.<anonymous closure>.<anonymous closure> (package:test_api/src/backend/declarer.dart:253:15)
<asynchronous suspension>
#6      Declarer.test.<anonymous closure> (package:test_api/src/backend/declarer.dart:250:11)
<asynchronous suspension>
#7      Invoker._waitForOutstandingCallbacks.<anonymous closure> (package:test_api/src/backend/invoker.dart:318:9)
<asynchronous suspension>
This warning will only appear on debug builds.
WARNING (drift): It looks like you've created the database class _Metadata multiple times. When these two databases use the same QueryExecutor, race conditions will occur and might corrupt the database. 
Try to follow the advice at https://drift.simonbinder.eu/faq/#using-the-database or, if you know what you're doing, set driftRuntimeOptions.dontWarnAboutMultipleDatabases = true
Here is the stacktrace from when the database was opened a second time:
#0      GeneratedDatabase._handleInstantiated (package:drift/src/runtime/api/db_base.dart:96:30)
#1      GeneratedDatabase._whenConstructed (package:drift/src/runtime/api/db_base.dart:73:12)
#2      new GeneratedDatabase (package:drift/src/runtime/api/db_base.dart:64:5)
#3      new _Metadata (file:///Users/muyi/Downloads/dev/software-cost-calculator/apps/supplier_app/test/native_restore_test.dart:271:26)
#4      main.<anonymous closure> (file:///Users/muyi/Downloads/dev/software-cost-calculator/apps/supplier_app/test/native_restore_test.dart:132:25)
<asynchronous suspension>
#5      Declarer.test.<anonymous closure>.<anonymous closure> (package:test_api/src/backend/declarer.dart:253:15)
<asynchronous suspension>
#6      Declarer.test.<anonymous closure> (package:test_api/src/backend/declarer.dart:250:11)
<asynchronous suspension>
#7      Invoker._waitForOutstandingCallbacks.<anonymous closure> (package:test_api/src/backend/invoker.dart:318:9)
<asynchronous suspension>
This warning will only appear on debug builds.
WARNING (drift): It looks like you've created the database class _InstallationDatabase multiple times. When these two databases use the same QueryExecutor, race conditions will occur and might corrupt the database. 
Try to follow the advice at https://drift.simonbinder.eu/faq/#using-the-database or, if you know what you're doing, set driftRuntimeOptions.dontWarnAboutMultipleDatabases = true
Here is the stacktrace from when the database was opened a second time:
#0      GeneratedDatabase._handleInstantiated (package:drift/src/runtime/api/db_base.dart:96:30)
#1      GeneratedDatabase._whenConstructed (package:drift/src/runtime/api/db_base.dart:73:12)
#2      new GeneratedDatabase (package:drift/src/runtime/api/db_base.dart:64:5)
#3      new _InstallationDatabase (package:supplier_app/platform/native_database_host.dart:387:38)
#4      new NativeDatabaseHost._ (package:supplier_app/platform/native_database_host.dart:22:19)
#5      NativeDatabaseHost.open (package:supplier_app/platform/native_database_host.dart:41:37)
<asynchronous suspension>
#6      main.<anonymous closure> (file:///Users/muyi/Downloads/dev/software-cost-calculator/apps/supplier_app/test/native_restore_test.dart:148:16)
<asynchronous suspension>
#7      Declarer.test.<anonymous closure>.<anonymous closure> (package:test_api/src/backend/declarer.dart:253:15)
<asynchronous suspension>
#8      Declarer.test.<anonymous closure> (package:test_api/src/backend/declarer.dart:250:11)
<asynchronous suspension>
#9      Invoker._waitForOutstandingCallbacks.<anonymous closure> (package:test_api/src/backend/invoker.dart:318:9)
<asynchronous suspension>
This warning will only appear on debug builds.
WARNING (drift): It looks like you've created the database class SupplierDatabase multiple times. When these two databases use the same QueryExecutor, race conditions will occur and might corrupt the database. 
Try to follow the advice at https://drift.simonbinder.eu/faq/#using-the-database or, if you know what you're doing, set driftRuntimeOptions.dontWarnAboutMultipleDatabases = true
Here is the stacktrace from when the database was opened a second time:
#0      GeneratedDatabase._handleInstantiated (package:drift/src/runtime/api/db_base.dart:96:30)
#1      GeneratedDatabase._whenConstructed (package:drift/src/runtime/api/db_base.dart:73:12)
#2      new GeneratedDatabase (package:drift/src/runtime/api/db_base.dart:64:5)
#3      new SupplierDatabase (package:supplier_core/src/data/database.dart)
#4      NativeRestore._finishActivation (package:supplier_app/platform/native_restore.dart:289:18)
<asynchronous suspension>
#5      NativeRestore._recoverActivation (package:supplier_app/platform/native_restore.dart:212:11)
<asynchronous suspension>
#6      NativeDatabaseHost.open.<anonymous closure> (package:supplier_app/platform/native_database_host.dart:54:9)
<asynchronous suspension>
#7      withApplicationWriteContext.<anonymous closure> (package:supplier_core/src/contracts.dart:74:12)
<asynchronous suspension>
#8      NativeApplicationWriteLock.run (package:supplier_app/platform/native_file_ports.dart:193:14)
<asynchronous suspension>
#9      NativeDatabaseHost.open (package:supplier_app/platform/native_database_host.dart:44:7)
<asynchronous suspension>
#10     main.<anonymous closure> (file:///Users/muyi/Downloads/dev/software-cost-calculator/apps/supplier_app/test/native_restore_test.dart:148:16)
<asynchronous suspension>
#11     Declarer.test.<anonymous closure>.<anonymous closure> (package:test_api/src/backend/declarer.dart:253:15)
<asynchronous suspension>
#12     Declarer.test.<anonymous closure> (package:test_api/src/backend/declarer.dart:250:11)
<asynchronous suspension>
#13     Invoker._waitForOutstandingCallbacks.<anonymous closure> (package:test_api/src/backend/invoker.dart:318:9)
<asynchronous suspension>
This warning will only appear on debug builds.
WARNING (drift): It looks like you've created the database class SupplierDatabase multiple times. When these two databases use the same QueryExecutor, race conditions will occur and might corrupt the database. 
Try to follow the advice at https://drift.simonbinder.eu/faq/#using-the-database or, if you know what you're doing, set driftRuntimeOptions.dontWarnAboutMultipleDatabases = true
Here is the stacktrace from when the database was opened a second time:
#0      GeneratedDatabase._handleInstantiated (package:drift/src/runtime/api/db_base.dart:96:30)
#1      GeneratedDatabase._whenConstructed (package:drift/src/runtime/api/db_base.dart:73:12)
#2      new GeneratedDatabase (package:drift/src/runtime/api/db_base.dart:64:5)
#3      new SupplierDatabase (package:supplier_core/src/data/database.dart)
#4      NativeRestore._finishActivation (package:supplier_app/platform/native_restore.dart:338:16)
<asynchronous suspension>
#5      NativeRestore._recoverActivation (package:supplier_app/platform/native_restore.dart:212:11)
<asynchronous suspension>
#6      NativeDatabaseHost.open.<anonymous closure> (package:supplier_app/platform/native_database_host.dart:54:9)
<asynchronous suspension>
#7      withApplicationWriteContext.<anonymous closure> (package:supplier_core/src/contracts.dart:74:12)
<asynchronous suspension>
#8      NativeApplicationWriteLock.run (package:supplier_app/platform/native_file_ports.dart:193:14)
<asynchronous suspension>
#9      NativeDatabaseHost.open (package:supplier_app/platform/native_database_host.dart:44:7)
<asynchronous suspension>
#10     main.<anonymous closure> (file:///Users/muyi/Downloads/dev/software-cost-calculator/apps/supplier_app/test/native_restore_test.dart:148:16)
<asynchronous suspension>
#11     Declarer.test.<anonymous closure>.<anonymous closure> (package:test_api/src/backend/declarer.dart:253:15)
<asynchronous suspension>
#12     Declarer.test.<anonymous closure> (package:test_api/src/backend/declarer.dart:250:11)
<asynchronous suspension>
#13     Invoker._waitForOutstandingCallbacks.<anonymous closure> (package:test_api/src/backend/invoker.dart:318:9)
<asynchronous suspension>
This warning will only appear on debug builds.
WARNING (drift): It looks like you've created the database class SupplierDatabase multiple times. When these two databases use the same QueryExecutor, race conditions will occur and might corrupt the database. 
Try to follow the advice at https://drift.simonbinder.eu/faq/#using-the-database or, if you know what you're doing, set driftRuntimeOptions.dontWarnAboutMultipleDatabases = true
Here is the stacktrace from when the database was opened a second time:
#0      GeneratedDatabase._handleInstantiated (package:drift/src/runtime/api/db_base.dart:96:30)
#1      GeneratedDatabase._whenConstructed (package:drift/src/runtime/api/db_base.dart:73:12)
#2      new GeneratedDatabase (package:drift/src/runtime/api/db_base.dart:64:5)
#3      new SupplierDatabase (package:supplier_core/src/data/database.dart)
#4      NativeRestore._rollbackActivation (package:supplier_app/platform/native_restore.dart:450:22)
<asynchronous suspension>
#5      NativeRestore._finishActivation (package:supplier_app/platform/native_restore.dart:396:11)
<asynchronous suspension>
#6      NativeRestore._recoverActivation (package:supplier_app/platform/native_restore.dart:212:11)
<asynchronous suspension>
#7      NativeDatabaseHost.open.<anonymous closure> (package:supplier_app/platform/native_database_host.dart:54:9)
<asynchronous suspension>
#8      withApplicationWriteContext.<anonymous closure> (package:supplier_core/src/contracts.dart:74:12)
<asynchronous suspension>
#9      NativeApplicationWriteLock.run (package:supplier_app/platform/native_file_ports.dart:193:14)
<asynchronous suspension>
#10     NativeDatabaseHost.open (package:supplier_app/platform/native_database_host.dart:44:7)
<asynchronous suspension>
#11     main.<anonymous closure> (file:///Users/muyi/Downloads/dev/software-cost-calculator/apps/supplier_app/test/native_restore_test.dart:148:16)
<asynchronous suspension>
#12     Declarer.test.<anonymous closure>.<anonymous closure> (package:test_api/src/backend/declarer.dart:253:15)
<asynchronous suspension>
#13     Declarer.test.<anonymous closure> (package:test_api/src/backend/declarer.dart:250:11)
<asynchronous suspension>
#14     Invoker._waitForOutstandingCallbacks.<anonymous closure> (package:test_api/src/backend/invoker.dart:318:9)
<asynchronous suspension>
This warning will only appear on debug builds.
WARNING (drift): It looks like you've created the database class SupplierDatabase multiple times. When these two databases use the same QueryExecutor, race conditions will occur and might corrupt the database. 
Try to follow the advice at https://drift.simonbinder.eu/faq/#using-the-database or, if you know what you're doing, set driftRuntimeOptions.dontWarnAboutMultipleDatabases = true
Here is the stacktrace from when the database was opened a second time:
#0      GeneratedDatabase._handleInstantiated (package:drift/src/runtime/api/db_base.dart:96:30)
#1      GeneratedDatabase._whenConstructed (package:drift/src/runtime/api/db_base.dart:73:12)
#2      new GeneratedDatabase (package:drift/src/runtime/api/db_base.dart:64:5)
#3      new SupplierDatabase (package:supplier_core/src/data/database.dart)
#4      NativeDatabaseHost.open.<anonymous closure> (package:supplier_app/platform/native_database_host.dart:112:23)
<asynchronous suspension>
#5      withApplicationWriteContext.<anonymous closure> (package:supplier_core/src/contracts.dart:74:12)
<asynchronous suspension>
#6      NativeApplicationWriteLock.run (package:supplier_app/platform/native_file_ports.dart:193:14)
<asynchronous suspension>
#7      NativeDatabaseHost.open (package:supplier_app/platform/native_database_host.dart:44:7)
<asynchronous suspension>
#8      main.<anonymous closure> (file:///Users/muyi/Downloads/dev/software-cost-calculator/apps/supplier_app/test/native_restore_test.dart:148:16)
<asynchronous suspension>
#9      Declarer.test.<anonymous closure>.<anonymous closure> (package:test_api/src/backend/declarer.dart:253:15)
<asynchronous suspension>
#10     Declarer.test.<anonymous closure> (package:test_api/src/backend/declarer.dart:250:11)
<asynchronous suspension>
#11     Invoker._waitForOutstandingCallbacks.<anonymous closure> (package:test_api/src/backend/invoker.dart:318:9)
<asynchronous suspension>
This warning will only appear on debug builds.
00:15 +67: /Users/muyi/Downloads/dev/software-cost-calculator/apps/supplier_app/test/business_import_page_test.dart: merged supplier reimport skips local edits until explicit reprocess
00:15 +67: /Users/muyi/Downloads/dev/software-cost-calculator/apps/supplier_app/test/native_restore_test.dart: restart recovers persisted switched_projection boundary
WARNING (drift): It looks like you've created the database class _InstallationDatabase multiple times. When these two databases use the same QueryExecutor, race conditions will occur and might corrupt the database. 
Try to follow the advice at https://drift.simonbinder.eu/faq/#using-the-database or, if you know what you're doing, set driftRuntimeOptions.dontWarnAboutMultipleDatabases = true
Here is the stacktrace from when the database was opened a second time:
#0      GeneratedDatabase._handleInstantiated (package:drift/src/runtime/api/db_base.dart:96:30)
#1      GeneratedDatabase._whenConstructed (package:drift/src/runtime/api/db_base.dart:73:12)
#2      new GeneratedDatabase (package:drift/src/runtime/api/db_base.dart:64:5)
#3      new _InstallationDatabase (package:supplier_app/platform/native_database_host.dart:387:38)
#4      new NativeDatabaseHost._ (package:supplier_app/platform/native_database_host.dart:22:19)
#5      NativeDatabaseHost.open (package:supplier_app/platform/native_database_host.dart:41:37)
<asynchronous suspension>
#6      main.<anonymous closure> (file:///Users/muyi/Downloads/dev/software-cost-calculator/apps/supplier_app/test/native_restore_test.dart:29:14)
<asynchronous suspension>
#7      Future._kTrue (dart:async/future.dart:702:3)
<asynchronous suspension>
#8      _CustomZone.bindUnaryCallbackGuarded.<anonymous closure> (dart:async/zone.dart:748:12)
<asynchronous suspension>
This warning will only appear on debug builds.
WARNING (drift): It looks like you've created the database class SupplierDatabase multiple times. When these two databases use the same QueryExecutor, race conditions will occur and might corrupt the database. 
Try to follow the advice at https://drift.simonbinder.eu/faq/#using-the-database or, if you know what you're doing, set driftRuntimeOptions.dontWarnAboutMultipleDatabases = true
Here is the stacktrace from when the database was opened a second time:
#0      GeneratedDatabase._handleInstantiated (package:drift/src/runtime/api/db_base.dart:96:30)
#1      GeneratedDatabase._whenConstructed (package:drift/src/runtime/api/db_base.dart:73:12)
#2      new GeneratedDatabase (package:drift/src/runtime/api/db_base.dart:64:5)
#3      new SupplierDatabase (package:supplier_core/src/data/database.dart)
#4      NativeDatabaseHost.open.<anonymous closure> (package:supplier_app/platform/native_database_host.dart:83:23)
<asynchronous suspension>
#5      withApplicationWriteContext.<anonymous closure> (package:supplier_core/src/contracts.dart:74:12)
<asynchronous suspension>
#6      NativeApplicationWriteLock.run (package:supplier_app/platform/native_file_ports.dart:193:14)
<asynchronous suspension>
#7      NativeDatabaseHost.open (package:supplier_app/platform/native_database_host.dart:44:7)
<asynchronous suspension>
#8      main.<anonymous closure> (file:///Users/muyi/Downloads/dev/software-cost-calculator/apps/supplier_app/test/native_restore_test.dart:29:14)
<asynchronous suspension>
#9      Future._kTrue (dart:async/future.dart:702:3)
<asynchronous suspension>
#10     _CustomZone.bindUnaryCallbackGuarded.<anonymous closure> (dart:async/zone.dart:748:12)
<asynchronous suspension>
This warning will only appear on debug builds.
WARNING (drift): It looks like you've created the database class SupplierDatabase multiple times. When these two databases use the same QueryExecutor, race conditions will occur and might corrupt the database. 
Try to follow the advice at https://drift.simonbinder.eu/faq/#using-the-database or, if you know what you're doing, set driftRuntimeOptions.dontWarnAboutMultipleDatabases = true
Here is the stacktrace from when the database was opened a second time:
#0      GeneratedDatabase._handleInstantiated (package:drift/src/runtime/api/db_base.dart:96:30)
#1      GeneratedDatabase._whenConstructed (package:drift/src/runtime/api/db_base.dart:73:12)
#2      new GeneratedDatabase (package:drift/src/runtime/api/db_base.dart:64:5)
#3      new SupplierDatabase (package:supplier_core/src/data/database.dart)
#4      NativeRestore.prepareRestore (package:supplier_app/platform/native_restore.dart:62:19)
<asynchronous suspension>
#5      main.<anonymous closure> (file:///Users/muyi/Downloads/dev/software-cost-calculator/apps/supplier_app/test/native_restore_test.dart:68:18)
<asynchronous suspension>
#6      Declarer.test.<anonymous closure>.<anonymous closure> (package:test_api/src/backend/declarer.dart:253:15)
<asynchronous suspension>
#7      Declarer.test.<anonymous closure> (package:test_api/src/backend/declarer.dart:250:11)
<asynchronous suspension>
#8      Invoker._waitForOutstandingCallbacks.<anonymous closure> (package:test_api/src/backend/invoker.dart:318:9)
<asynchronous suspension>
This warning will only appear on debug builds.
WARNING (drift): It looks like you've created the database class _Metadata multiple times. When these two databases use the same QueryExecutor, race conditions will occur and might corrupt the database. 
Try to follow the advice at https://drift.simonbinder.eu/faq/#using-the-database or, if you know what you're doing, set driftRuntimeOptions.dontWarnAboutMultipleDatabases = true
Here is the stacktrace from when the database was opened a second time:
#0      GeneratedDatabase._handleInstantiated (package:drift/src/runtime/api/db_base.dart:96:30)
#1      GeneratedDatabase._whenConstructed (package:drift/src/runtime/api/db_base.dart:73:12)
#2      new GeneratedDatabase (package:drift/src/runtime/api/db_base.dart:64:5)
#3      new _Metadata (file:///Users/muyi/Downloads/dev/software-cost-calculator/apps/supplier_app/test/native_restore_test.dart:271:26)
#4      main.<anonymous closure> (file:///Users/muyi/Downloads/dev/software-cost-calculator/apps/supplier_app/test/native_restore_test.dart:104:27)
<asynchronous suspension>
#5      Declarer.test.<anonymous closure>.<anonymous closure> (package:test_api/src/backend/declarer.dart:253:15)
<asynchronous suspension>
#6      Declarer.test.<anonymous closure> (package:test_api/src/backend/declarer.dart:250:11)
<asynchronous suspension>
#7      Invoker._waitForOutstandingCallbacks.<anonymous closure> (package:test_api/src/backend/invoker.dart:318:9)
<asynchronous suspension>
This warning will only appear on debug builds.
WARNING (drift): It looks like you've created the database class _Metadata multiple times. When these two databases use the same QueryExecutor, race conditions will occur and might corrupt the database. 
Try to follow the advice at https://drift.simonbinder.eu/faq/#using-the-database or, if you know what you're doing, set driftRuntimeOptions.dontWarnAboutMultipleDatabases = true
Here is the stacktrace from when the database was opened a second time:
#0      GeneratedDatabase._handleInstantiated (package:drift/src/runtime/api/db_base.dart:96:30)
#1      GeneratedDatabase._whenConstructed (package:drift/src/runtime/api/db_base.dart:73:12)
#2      new GeneratedDatabase (package:drift/src/runtime/api/db_base.dart:64:5)
#3      new _Metadata (file:///Users/muyi/Downloads/dev/software-cost-calculator/apps/supplier_app/test/native_restore_test.dart:271:26)
#4      main.<anonymous closure> (file:///Users/muyi/Downloads/dev/software-cost-calculator/apps/supplier_app/test/native_restore_test.dart:132:25)
<asynchronous suspension>
#5      Declarer.test.<anonymous closure>.<anonymous closure> (package:test_api/src/backend/declarer.dart:253:15)
<asynchronous suspension>
#6      Declarer.test.<anonymous closure> (package:test_api/src/backend/declarer.dart:250:11)
<asynchronous suspension>
#7      Invoker._waitForOutstandingCallbacks.<anonymous closure> (package:test_api/src/backend/invoker.dart:318:9)
<asynchronous suspension>
This warning will only appear on debug builds.
WARNING (drift): It looks like you've created the database class _InstallationDatabase multiple times. When these two databases use the same QueryExecutor, race conditions will occur and might corrupt the database. 
Try to follow the advice at https://drift.simonbinder.eu/faq/#using-the-database or, if you know what you're doing, set driftRuntimeOptions.dontWarnAboutMultipleDatabases = true
Here is the stacktrace from when the database was opened a second time:
#0      GeneratedDatabase._handleInstantiated (package:drift/src/runtime/api/db_base.dart:96:30)
#1      GeneratedDatabase._whenConstructed (package:drift/src/runtime/api/db_base.dart:73:12)
#2      new GeneratedDatabase (package:drift/src/runtime/api/db_base.dart:64:5)
#3      new _InstallationDatabase (package:supplier_app/platform/native_database_host.dart:387:38)
#4      new NativeDatabaseHost._ (package:supplier_app/platform/native_database_host.dart:22:19)
#5      NativeDatabaseHost.open (package:supplier_app/platform/native_database_host.dart:41:37)
<asynchronous suspension>
#6      main.<anonymous closure> (file:///Users/muyi/Downloads/dev/software-cost-calculator/apps/supplier_app/test/native_restore_test.dart:148:16)
<asynchronous suspension>
#7      Declarer.test.<anonymous closure>.<anonymous closure> (package:test_api/src/backend/declarer.dart:253:15)
<asynchronous suspension>
#8      Declarer.test.<anonymous closure> (package:test_api/src/backend/declarer.dart:250:11)
<asynchronous suspension>
#9      Invoker._waitForOutstandingCallbacks.<anonymous closure> (package:test_api/src/backend/invoker.dart:318:9)
<asynchronous suspension>
This warning will only appear on debug builds.
WARNING (drift): It looks like you've created the database class SupplierDatabase multiple times. When these two databases use the same QueryExecutor, race conditions will occur and might corrupt the database. 
Try to follow the advice at https://drift.simonbinder.eu/faq/#using-the-database or, if you know what you're doing, set driftRuntimeOptions.dontWarnAboutMultipleDatabases = true
Here is the stacktrace from when the database was opened a second time:
#0      GeneratedDatabase._handleInstantiated (package:drift/src/runtime/api/db_base.dart:96:30)
#1      GeneratedDatabase._whenConstructed (package:drift/src/runtime/api/db_base.dart:73:12)
#2      new GeneratedDatabase (package:drift/src/runtime/api/db_base.dart:64:5)
#3      new SupplierDatabase (package:supplier_core/src/data/database.dart)
#4      NativeRestore._finishActivation (package:supplier_app/platform/native_restore.dart:338:16)
<asynchronous suspension>
#5      NativeRestore._recoverActivation (package:supplier_app/platform/native_restore.dart:212:11)
<asynchronous suspension>
#6      NativeDatabaseHost.open.<anonymous closure> (package:supplier_app/platform/native_database_host.dart:54:9)
<asynchronous suspension>
#7      withApplicationWriteContext.<anonymous closure> (package:supplier_core/src/contracts.dart:74:12)
<asynchronous suspension>
#8      NativeApplicationWriteLock.run (package:supplier_app/platform/native_file_ports.dart:193:14)
<asynchronous suspension>
#9      NativeDatabaseHost.open (package:supplier_app/platform/native_database_host.dart:44:7)
<asynchronous suspension>
#10     main.<anonymous closure> (file:///Users/muyi/Downloads/dev/software-cost-calculator/apps/supplier_app/test/native_restore_test.dart:148:16)
<asynchronous suspension>
#11     Declarer.test.<anonymous closure>.<anonymous closure> (package:test_api/src/backend/declarer.dart:253:15)
<asynchronous suspension>
#12     Declarer.test.<anonymous closure> (package:test_api/src/backend/declarer.dart:250:11)
<asynchronous suspension>
#13     Invoker._waitForOutstandingCallbacks.<anonymous closure> (package:test_api/src/backend/invoker.dart:318:9)
<asynchronous suspension>
This warning will only appear on debug builds.
WARNING (drift): It looks like you've created the database class SupplierDatabase multiple times. When these two databases use the same QueryExecutor, race conditions will occur and might corrupt the database. 
Try to follow the advice at https://drift.simonbinder.eu/faq/#using-the-database or, if you know what you're doing, set driftRuntimeOptions.dontWarnAboutMultipleDatabases = true
Here is the stacktrace from when the database was opened a second time:
#0      GeneratedDatabase._handleInstantiated (package:drift/src/runtime/api/db_base.dart:96:30)
#1      GeneratedDatabase._whenConstructed (package:drift/src/runtime/api/db_base.dart:73:12)
#2      new GeneratedDatabase (package:drift/src/runtime/api/db_base.dart:64:5)
#3      new SupplierDatabase (package:supplier_core/src/data/database.dart)
#4      NativeRestore._rollbackActivation (package:supplier_app/platform/native_restore.dart:450:22)
<asynchronous suspension>
#5      NativeRestore._finishActivation (package:supplier_app/platform/native_restore.dart:396:11)
<asynchronous suspension>
#6      NativeRestore._recoverActivation (package:supplier_app/platform/native_restore.dart:212:11)
<asynchronous suspension>
#7      NativeDatabaseHost.open.<anonymous closure> (package:supplier_app/platform/native_database_host.dart:54:9)
<asynchronous suspension>
#8      withApplicationWriteContext.<anonymous closure> (package:supplier_core/src/contracts.dart:74:12)
<asynchronous suspension>
#9      NativeApplicationWriteLock.run (package:supplier_app/platform/native_file_ports.dart:193:14)
<asynchronous suspension>
#10     NativeDatabaseHost.open (package:supplier_app/platform/native_database_host.dart:44:7)
<asynchronous suspension>
#11     main.<anonymous closure> (file:///Users/muyi/Downloads/dev/software-cost-calculator/apps/supplier_app/test/native_restore_test.dart:148:16)
<asynchronous suspension>
#12     Declarer.test.<anonymous closure>.<anonymous closure> (package:test_api/src/backend/declarer.dart:253:15)
<asynchronous suspension>
#13     Declarer.test.<anonymous closure> (package:test_api/src/backend/declarer.dart:250:11)
<asynchronous suspension>
#14     Invoker._waitForOutstandingCallbacks.<anonymous closure> (package:test_api/src/backend/invoker.dart:318:9)
<asynchronous suspension>
This warning will only appear on debug builds.
WARNING (drift): It looks like you've created the database class SupplierDatabase multiple times. When these two databases use the same QueryExecutor, race conditions will occur and might corrupt the database. 
Try to follow the advice at https://drift.simonbinder.eu/faq/#using-the-database or, if you know what you're doing, set driftRuntimeOptions.dontWarnAboutMultipleDatabases = true
Here is the stacktrace from when the database was opened a second time:
#0      GeneratedDatabase._handleInstantiated (package:drift/src/runtime/api/db_base.dart:96:30)
#1      GeneratedDatabase._whenConstructed (package:drift/src/runtime/api/db_base.dart:73:12)
#2      new GeneratedDatabase (package:drift/src/runtime/api/db_base.dart:64:5)
#3      new SupplierDatabase (package:supplier_core/src/data/database.dart)
#4      NativeDatabaseHost.open.<anonymous closure> (package:supplier_app/platform/native_database_host.dart:112:23)
<asynchronous suspension>
#5      withApplicationWriteContext.<anonymous closure> (package:supplier_core/src/contracts.dart:74:12)
<asynchronous suspension>
#6      NativeApplicationWriteLock.run (package:supplier_app/platform/native_file_ports.dart:193:14)
<asynchronous suspension>
#7      NativeDatabaseHost.open (package:supplier_app/platform/native_database_host.dart:44:7)
<asynchronous suspension>
#8      main.<anonymous closure> (file:///Users/muyi/Downloads/dev/software-cost-calculator/apps/supplier_app/test/native_restore_test.dart:148:16)
<asynchronous suspension>
#9      Declarer.test.<anonymous closure>.<anonymous closure> (package:test_api/src/backend/declarer.dart:253:15)
<asynchronous suspension>
#10     Declarer.test.<anonymous closure> (package:test_api/src/backend/declarer.dart:250:11)
<asynchronous suspension>
#11     Invoker._waitForOutstandingCallbacks.<anonymous closure> (package:test_api/src/backend/invoker.dart:318:9)
<asynchronous suspension>
This warning will only appear on debug builds.
00:15 +68: /Users/muyi/Downloads/dev/software-cost-calculator/apps/supplier_app/test/business_import_page_test.dart: merged supplier reimport skips local edits until explicit reprocess
00:15 +68: /Users/muyi/Downloads/dev/software-cost-calculator/apps/supplier_app/test/native_restore_test.dart: restores through fresh identity and retained backup, fencing old connections
WARNING (drift): It looks like you've created the database class _InstallationDatabase multiple times. When these two databases use the same QueryExecutor, race conditions will occur and might corrupt the database. 
Try to follow the advice at https://drift.simonbinder.eu/faq/#using-the-database or, if you know what you're doing, set driftRuntimeOptions.dontWarnAboutMultipleDatabases = true
Here is the stacktrace from when the database was opened a second time:
#0      GeneratedDatabase._handleInstantiated (package:drift/src/runtime/api/db_base.dart:96:30)
#1      GeneratedDatabase._whenConstructed (package:drift/src/runtime/api/db_base.dart:73:12)
#2      new GeneratedDatabase (package:drift/src/runtime/api/db_base.dart:64:5)
#3      new _InstallationDatabase (package:supplier_app/platform/native_database_host.dart:387:38)
#4      new NativeDatabaseHost._ (package:supplier_app/platform/native_database_host.dart:22:19)
#5      NativeDatabaseHost.open (package:supplier_app/platform/native_database_host.dart:41:37)
<asynchronous suspension>
#6      main.<anonymous closure> (file:///Users/muyi/Downloads/dev/software-cost-calculator/apps/supplier_app/test/native_restore_test.dart:29:14)
<asynchronous suspension>
#7      Future._kTrue (dart:async/future.dart:702:3)
<asynchronous suspension>
#8      _CustomZone.bindUnaryCallbackGuarded.<anonymous closure> (dart:async/zone.dart:748:12)
<asynchronous suspension>
This warning will only appear on debug builds.
WARNING (drift): It looks like you've created the database class SupplierDatabase multiple times. When these two databases use the same QueryExecutor, race conditions will occur and might corrupt the database. 
Try to follow the advice at https://drift.simonbinder.eu/faq/#using-the-database or, if you know what you're doing, set driftRuntimeOptions.dontWarnAboutMultipleDatabases = true
Here is the stacktrace from when the database was opened a second time:
#0      GeneratedDatabase._handleInstantiated (package:drift/src/runtime/api/db_base.dart:96:30)
#1      GeneratedDatabase._whenConstructed (package:drift/src/runtime/api/db_base.dart:73:12)
#2      new GeneratedDatabase (package:drift/src/runtime/api/db_base.dart:64:5)
#3      new SupplierDatabase (package:supplier_core/src/data/database.dart)
#4      NativeDatabaseHost.open.<anonymous closure> (package:supplier_app/platform/native_database_host.dart:83:23)
<asynchronous suspension>
#5      withApplicationWriteContext.<anonymous closure> (package:supplier_core/src/contracts.dart:74:12)
<asynchronous suspension>
#6      NativeApplicationWriteLock.run (package:supplier_app/platform/native_file_ports.dart:193:14)
<asynchronous suspension>
#7      NativeDatabaseHost.open (package:supplier_app/platform/native_database_host.dart:44:7)
<asynchronous suspension>
#8      main.<anonymous closure> (file:///Users/muyi/Downloads/dev/software-cost-calculator/apps/supplier_app/test/native_restore_test.dart:29:14)
<asynchronous suspension>
#9      Future._kTrue (dart:async/future.dart:702:3)
<asynchronous suspension>
#10     _CustomZone.bindUnaryCallbackGuarded.<anonymous closure> (dart:async/zone.dart:748:12)
<asynchronous suspension>
This warning will only appear on debug builds.
WARNING (drift): It looks like you've created the database class SupplierDatabase multiple times. When these two databases use the same QueryExecutor, race conditions will occur and might corrupt the database. 
Try to follow the advice at https://drift.simonbinder.eu/faq/#using-the-database or, if you know what you're doing, set driftRuntimeOptions.dontWarnAboutMultipleDatabases = true
Here is the stacktrace from when the database was opened a second time:
#0      GeneratedDatabase._handleInstantiated (package:drift/src/runtime/api/db_base.dart:96:30)
#1      GeneratedDatabase._whenConstructed (package:drift/src/runtime/api/db_base.dart:73:12)
#2      new GeneratedDatabase (package:drift/src/runtime/api/db_base.dart:64:5)
#3      new SupplierDatabase (package:supplier_core/src/data/database.dart)
#4      NativeRestore.prepareRestore (package:supplier_app/platform/native_restore.dart:62:19)
<asynchronous suspension>
#5      main.<anonymous closure> (file:///Users/muyi/Downloads/dev/software-cost-calculator/apps/supplier_app/test/native_restore_test.dart:167:16)
<asynchronous suspension>
#6      Declarer.test.<anonymous closure>.<anonymous closure> (package:test_api/src/backend/declarer.dart:253:15)
<asynchronous suspension>
#7      Declarer.test.<anonymous closure> (package:test_api/src/backend/declarer.dart:250:11)
<asynchronous suspension>
#8      Invoker._waitForOutstandingCallbacks.<anonymous closure> (package:test_api/src/backend/invoker.dart:318:9)
<asynchronous suspension>
This warning will only appear on debug builds.
WARNING (drift): It looks like you've created the database class SupplierDatabase multiple times. When these two databases use the same QueryExecutor, race conditions will occur and might corrupt the database. 
Try to follow the advice at https://drift.simonbinder.eu/faq/#using-the-database or, if you know what you're doing, set driftRuntimeOptions.dontWarnAboutMultipleDatabases = true
Here is the stacktrace from when the database was opened a second time:
#0      GeneratedDatabase._handleInstantiated (package:drift/src/runtime/api/db_base.dart:96:30)
#1      GeneratedDatabase._whenConstructed (package:drift/src/runtime/api/db_base.dart:73:12)
#2      new GeneratedDatabase (package:drift/src/runtime/api/db_base.dart:64:5)
#3      new SupplierDatabase (package:supplier_core/src/data/database.dart)
#4      NativeRestore._finishActivation (package:supplier_app/platform/native_restore.dart:289:18)
<asynchronous suspension>
#5      NativeRestore.activateRestore.<anonymous closure> (package:supplier_app/platform/native_restore.dart:174:5)
<asynchronous suspension>
#6      withApplicationWriteContext.<anonymous closure> (package:supplier_core/src/contracts.dart:74:12)
<asynchronous suspension>
#7      NativeApplicationWriteLock.run (package:supplier_app/platform/native_file_ports.dart:193:14)
<asynchronous suspension>
#8      main.<anonymous closure> (file:///Users/muyi/Downloads/dev/software-cost-calculator/apps/supplier_app/test/native_restore_test.dart:168:23)
<asynchronous suspension>
#9      Declarer.test.<anonymous closure>.<anonymous closure> (package:test_api/src/backend/declarer.dart:253:15)
<asynchronous suspension>
#10     Declarer.test.<anonymous closure> (package:test_api/src/backend/declarer.dart:250:11)
<asynchronous suspension>
#11     Invoker._waitForOutstandingCallbacks.<anonymous closure> (package:test_api/src/backend/invoker.dart:318:9)
<asynchronous suspension>
This warning will only appear on debug builds.
WARNING (drift): It looks like you've created the database class SupplierDatabase multiple times. When these two databases use the same QueryExecutor, race conditions will occur and might corrupt the database. 
Try to follow the advice at https://drift.simonbinder.eu/faq/#using-the-database or, if you know what you're doing, set driftRuntimeOptions.dontWarnAboutMultipleDatabases = true
Here is the stacktrace from when the database was opened a second time:
#0      GeneratedDatabase._handleInstantiated (package:drift/src/runtime/api/db_base.dart:96:30)
#1      GeneratedDatabase._whenConstructed (package:drift/src/runtime/api/db_base.dart:73:12)
#2      new GeneratedDatabase (package:drift/src/runtime/api/db_base.dart:64:5)
#3      new SupplierDatabase (package:supplier_core/src/data/database.dart)
#4      NativeRestore._finishActivation (package:supplier_app/platform/native_restore.dart:338:16)
<asynchronous suspension>
#5      NativeRestore.activateRestore.<anonymous closure> (package:supplier_app/platform/native_restore.dart:174:5)
<asynchronous suspension>
#6      withApplicationWriteContext.<anonymous closure> (package:supplier_core/src/contracts.dart:74:12)
<asynchronous suspension>
#7      NativeApplicationWriteLock.run (package:supplier_app/platform/native_file_ports.dart:193:14)
<asynchronous suspension>
#8      main.<anonymous closure> (file:///Users/muyi/Downloads/dev/software-cost-calculator/apps/supplier_app/test/native_restore_test.dart:168:23)
<asynchronous suspension>
#9      Declarer.test.<anonymous closure>.<anonymous closure> (package:test_api/src/backend/declarer.dart:253:15)
<asynchronous suspension>
#10     Declarer.test.<anonymous closure> (package:test_api/src/backend/declarer.dart:250:11)
<asynchronous suspension>
#11     Invoker._waitForOutstandingCallbacks.<anonymous closure> (package:test_api/src/backend/invoker.dart:318:9)
<asynchronous suspension>
This warning will only appear on debug builds.
WARNING (drift): It looks like you've created the database class _InstallationDatabase multiple times. When these two databases use the same QueryExecutor, race conditions will occur and might corrupt the database. 
Try to follow the advice at https://drift.simonbinder.eu/faq/#using-the-database or, if you know what you're doing, set driftRuntimeOptions.dontWarnAboutMultipleDatabases = true
Here is the stacktrace from when the database was opened a second time:
#0      GeneratedDatabase._handleInstantiated (package:drift/src/runtime/api/db_base.dart:96:30)
#1      GeneratedDatabase._whenConstructed (package:drift/src/runtime/api/db_base.dart:73:12)
#2      new GeneratedDatabase (package:drift/src/runtime/api/db_base.dart:64:5)
#3      new _InstallationDatabase (package:supplier_app/platform/native_database_host.dart:387:38)
#4      new NativeDatabaseHost._ (package:supplier_app/platform/native_database_host.dart:22:19)
#5      NativeDatabaseHost.open (package:supplier_app/platform/native_database_host.dart:41:37)
<asynchronous suspension>
#6      main.<anonymous closure> (file:///Users/muyi/Downloads/dev/software-cost-calculator/apps/supplier_app/test/native_restore_test.dart:172:22)
<asynchronous suspension>
#7      Declarer.test.<anonymous closure>.<anonymous closure> (package:test_api/src/backend/declarer.dart:253:15)
<asynchronous suspension>
#8      Declarer.test.<anonymous closure> (package:test_api/src/backend/declarer.dart:250:11)
<asynchronous suspension>
#9      Invoker._waitForOutstandingCallbacks.<anonymous closure> (package:test_api/src/backend/invoker.dart:318:9)
<asynchronous suspension>
This warning will only appear on debug builds.
WARNING (drift): It looks like you've created the database class SupplierDatabase multiple times. When these two databases use the same QueryExecutor, race conditions will occur and might corrupt the database. 
Try to follow the advice at https://drift.simonbinder.eu/faq/#using-the-database or, if you know what you're doing, set driftRuntimeOptions.dontWarnAboutMultipleDatabases = true
Here is the stacktrace from when the database was opened a second time:
#0      GeneratedDatabase._handleInstantiated (package:drift/src/runtime/api/db_base.dart:96:30)
#1      GeneratedDatabase._whenConstructed (package:drift/src/runtime/api/db_base.dart:73:12)
#2      new GeneratedDatabase (package:drift/src/runtime/api/db_base.dart:64:5)
#3      new SupplierDatabase (package:supplier_core/src/data/database.dart)
#4      NativeDatabaseHost.open.<anonymous closure> (package:supplier_app/platform/native_database_host.dart:112:23)
<asynchronous suspension>
#5      withApplicationWriteContext.<anonymous closure> (package:supplier_core/src/contracts.dart:74:12)
<asynchronous suspension>
#6      NativeApplicationWriteLock.run (package:supplier_app/platform/native_file_ports.dart:193:14)
<asynchronous suspension>
#7      NativeDatabaseHost.open (package:supplier_app/platform/native_database_host.dart:44:7)
<asynchronous suspension>
#8      main.<anonymous closure> (file:///Users/muyi/Downloads/dev/software-cost-calculator/apps/supplier_app/test/native_restore_test.dart:172:22)
<asynchronous suspension>
#9      Declarer.test.<anonymous closure>.<anonymous closure> (package:test_api/src/backend/declarer.dart:253:15)
<asynchronous suspension>
#10     Declarer.test.<anonymous closure> (package:test_api/src/backend/declarer.dart:250:11)
<asynchronous suspension>
#11     Invoker._waitForOutstandingCallbacks.<anonymous closure> (package:test_api/src/backend/invoker.dart:318:9)
<asynchronous suspension>
This warning will only appear on debug builds.
00:15 +69: /Users/muyi/Downloads/dev/software-cost-calculator/apps/supplier_app/test/business_import_page_test.dart: merged supplier reimport skips local edits until explicit reprocess
00:15 +69: /Users/muyi/Downloads/dev/software-cost-calculator/apps/supplier_app/test/native_restore_test.dart: ready candidate survives host restart
WARNING (drift): It looks like you've created the database class _InstallationDatabase multiple times. When these two databases use the same QueryExecutor, race conditions will occur and might corrupt the database. 
Try to follow the advice at https://drift.simonbinder.eu/faq/#using-the-database or, if you know what you're doing, set driftRuntimeOptions.dontWarnAboutMultipleDatabases = true
Here is the stacktrace from when the database was opened a second time:
#0      GeneratedDatabase._handleInstantiated (package:drift/src/runtime/api/db_base.dart:96:30)
#1      GeneratedDatabase._whenConstructed (package:drift/src/runtime/api/db_base.dart:73:12)
#2      new GeneratedDatabase (package:drift/src/runtime/api/db_base.dart:64:5)
#3      new _InstallationDatabase (package:supplier_app/platform/native_database_host.dart:387:38)
#4      new NativeDatabaseHost._ (package:supplier_app/platform/native_database_host.dart:22:19)
#5      NativeDatabaseHost.open (package:supplier_app/platform/native_database_host.dart:41:37)
<asynchronous suspension>
#6      main.<anonymous closure> (file:///Users/muyi/Downloads/dev/software-cost-calculator/apps/supplier_app/test/native_restore_test.dart:29:14)
<asynchronous suspension>
#7      Future._kTrue (dart:async/future.dart:702:3)
<asynchronous suspension>
#8      _CustomZone.bindUnaryCallbackGuarded.<anonymous closure> (dart:async/zone.dart:748:12)
<asynchronous suspension>
This warning will only appear on debug builds.
WARNING (drift): It looks like you've created the database class SupplierDatabase multiple times. When these two databases use the same QueryExecutor, race conditions will occur and might corrupt the database. 
Try to follow the advice at https://drift.simonbinder.eu/faq/#using-the-database or, if you know what you're doing, set driftRuntimeOptions.dontWarnAboutMultipleDatabases = true
Here is the stacktrace from when the database was opened a second time:
#0      GeneratedDatabase._handleInstantiated (package:drift/src/runtime/api/db_base.dart:96:30)
#1      GeneratedDatabase._whenConstructed (package:drift/src/runtime/api/db_base.dart:73:12)
#2      new GeneratedDatabase (package:drift/src/runtime/api/db_base.dart:64:5)
#3      new SupplierDatabase (package:supplier_core/src/data/database.dart)
#4      NativeDatabaseHost.open.<anonymous closure> (package:supplier_app/platform/native_database_host.dart:83:23)
<asynchronous suspension>
#5      withApplicationWriteContext.<anonymous closure> (package:supplier_core/src/contracts.dart:74:12)
<asynchronous suspension>
#6      NativeApplicationWriteLock.run (package:supplier_app/platform/native_file_ports.dart:193:14)
<asynchronous suspension>
#7      NativeDatabaseHost.open (package:supplier_app/platform/native_database_host.dart:44:7)
<asynchronous suspension>
#8      main.<anonymous closure> (file:///Users/muyi/Downloads/dev/software-cost-calculator/apps/supplier_app/test/native_restore_test.dart:29:14)
<asynchronous suspension>
#9      Future._kTrue (dart:async/future.dart:702:3)
<asynchronous suspension>
#10     _CustomZone.bindUnaryCallbackGuarded.<anonymous closure> (dart:async/zone.dart:748:12)
<asynchronous suspension>
This warning will only appear on debug builds.
WARNING (drift): It looks like you've created the database class SupplierDatabase multiple times. When these two databases use the same QueryExecutor, race conditions will occur and might corrupt the database. 
Try to follow the advice at https://drift.simonbinder.eu/faq/#using-the-database or, if you know what you're doing, set driftRuntimeOptions.dontWarnAboutMultipleDatabases = true
Here is the stacktrace from when the database was opened a second time:
#0      GeneratedDatabase._handleInstantiated (package:drift/src/runtime/api/db_base.dart:96:30)
#1      GeneratedDatabase._whenConstructed (package:drift/src/runtime/api/db_base.dart:73:12)
#2      new GeneratedDatabase (package:drift/src/runtime/api/db_base.dart:64:5)
#3      new SupplierDatabase (package:supplier_core/src/data/database.dart)
#4      NativeRestore.prepareRestore (package:supplier_app/platform/native_restore.dart:62:19)
<asynchronous suspension>
#5      main.<anonymous closure> (file:///Users/muyi/Downloads/dev/software-cost-calculator/apps/supplier_app/test/native_restore_test.dart:200:16)
<asynchronous suspension>
#6      Declarer.test.<anonymous closure>.<anonymous closure> (package:test_api/src/backend/declarer.dart:253:15)
<asynchronous suspension>
#7      Declarer.test.<anonymous closure> (package:test_api/src/backend/declarer.dart:250:11)
<asynchronous suspension>
#8      Invoker._waitForOutstandingCallbacks.<anonymous closure> (package:test_api/src/backend/invoker.dart:318:9)
<asynchronous suspension>
This warning will only appear on debug builds.
WARNING (drift): It looks like you've created the database class _InstallationDatabase multiple times. When these two databases use the same QueryExecutor, race conditions will occur and might corrupt the database. 
Try to follow the advice at https://drift.simonbinder.eu/faq/#using-the-database or, if you know what you're doing, set driftRuntimeOptions.dontWarnAboutMultipleDatabases = true
Here is the stacktrace from when the database was opened a second time:
#0      GeneratedDatabase._handleInstantiated (package:drift/src/runtime/api/db_base.dart:96:30)
#1      GeneratedDatabase._whenConstructed (package:drift/src/runtime/api/db_base.dart:73:12)
#2      new GeneratedDatabase (package:drift/src/runtime/api/db_base.dart:64:5)
#3      new _InstallationDatabase (package:supplier_app/platform/native_database_host.dart:387:38)
#4      new NativeDatabaseHost._ (package:supplier_app/platform/native_database_host.dart:22:19)
#5      NativeDatabaseHost.open (package:supplier_app/platform/native_database_host.dart:41:37)
<asynchronous suspension>
#6      main.<anonymous closure> (file:///Users/muyi/Downloads/dev/software-cost-calculator/apps/supplier_app/test/native_restore_test.dart:202:14)
<asynchronous suspension>
#7      Declarer.test.<anonymous closure>.<anonymous closure> (package:test_api/src/backend/declarer.dart:253:15)
<asynchronous suspension>
#8      Declarer.test.<anonymous closure> (package:test_api/src/backend/declarer.dart:250:11)
<asynchronous suspension>
#9      Invoker._waitForOutstandingCallbacks.<anonymous closure> (package:test_api/src/backend/invoker.dart:318:9)
<asynchronous suspension>
This warning will only appear on debug builds.
WARNING (drift): It looks like you've created the database class SupplierDatabase multiple times. When these two databases use the same QueryExecutor, race conditions will occur and might corrupt the database. 
Try to follow the advice at https://drift.simonbinder.eu/faq/#using-the-database or, if you know what you're doing, set driftRuntimeOptions.dontWarnAboutMultipleDatabases = true
Here is the stacktrace from when the database was opened a second time:
#0      GeneratedDatabase._handleInstantiated (package:drift/src/runtime/api/db_base.dart:96:30)
#1      GeneratedDatabase._whenConstructed (package:drift/src/runtime/api/db_base.dart:73:12)
#2      new GeneratedDatabase (package:drift/src/runtime/api/db_base.dart:64:5)
#3      new SupplierDatabase (package:supplier_core/src/data/database.dart)
#4      NativeDatabaseHost.open.<anonymous closure> (package:supplier_app/platform/native_database_host.dart:112:23)
<asynchronous suspension>
#5      withApplicationWriteContext.<anonymous closure> (package:supplier_core/src/contracts.dart:74:12)
<asynchronous suspension>
#6      NativeApplicationWriteLock.run (package:supplier_app/platform/native_file_ports.dart:193:14)
<asynchronous suspension>
#7      NativeDatabaseHost.open (package:supplier_app/platform/native_database_host.dart:44:7)
<asynchronous suspension>
#8      main.<anonymous closure> (file:///Users/muyi/Downloads/dev/software-cost-calculator/apps/supplier_app/test/native_restore_test.dart:202:14)
<asynchronous suspension>
#9      Declarer.test.<anonymous closure>.<anonymous closure> (package:test_api/src/backend/declarer.dart:253:15)
<asynchronous suspension>
#10     Declarer.test.<anonymous closure> (package:test_api/src/backend/declarer.dart:250:11)
<asynchronous suspension>
#11     Invoker._waitForOutstandingCallbacks.<anonymous closure> (package:test_api/src/backend/invoker.dart:318:9)
<asynchronous suspension>
This warning will only appear on debug builds.
WARNING (drift): It looks like you've created the database class SupplierDatabase multiple times. When these two databases use the same QueryExecutor, race conditions will occur and might corrupt the database. 
Try to follow the advice at https://drift.simonbinder.eu/faq/#using-the-database or, if you know what you're doing, set driftRuntimeOptions.dontWarnAboutMultipleDatabases = true
Here is the stacktrace from when the database was opened a second time:
#0      GeneratedDatabase._handleInstantiated (package:drift/src/runtime/api/db_base.dart:96:30)
#1      GeneratedDatabase._whenConstructed (package:drift/src/runtime/api/db_base.dart:73:12)
#2      new GeneratedDatabase (package:drift/src/runtime/api/db_base.dart:64:5)
#3      new SupplierDatabase (package:supplier_core/src/data/database.dart)
#4      NativeRestore._finishActivation (package:supplier_app/platform/native_restore.dart:289:18)
<asynchronous suspension>
#5      NativeRestore.activateRestore.<anonymous closure> (package:supplier_app/platform/native_restore.dart:174:5)
<asynchronous suspension>
#6      withApplicationWriteContext.<anonymous closure> (package:supplier_core/src/contracts.dart:74:12)
<asynchronous suspension>
#7      NativeApplicationWriteLock.run (package:supplier_app/platform/native_file_ports.dart:193:14)
<asynchronous suspension>
#8      main.<anonymous closure> (file:///Users/muyi/Downloads/dev/software-cost-calculator/apps/supplier_app/test/native_restore_test.dart:203:13)
<asynchronous suspension>
#9      Declarer.test.<anonymous closure>.<anonymous closure> (package:test_api/src/backend/declarer.dart:253:15)
<asynchronous suspension>
#10     Declarer.test.<anonymous closure> (package:test_api/src/backend/declarer.dart:250:11)
<asynchronous suspension>
#11     Invoker._waitForOutstandingCallbacks.<anonymous closure> (package:test_api/src/backend/invoker.dart:318:9)
<asynchronous suspension>
This warning will only appear on debug builds.
WARNING (drift): It looks like you've created the database class SupplierDatabase multiple times. When these two databases use the same QueryExecutor, race conditions will occur and might corrupt the database. 
Try to follow the advice at https://drift.simonbinder.eu/faq/#using-the-database or, if you know what you're doing, set driftRuntimeOptions.dontWarnAboutMultipleDatabases = true
Here is the stacktrace from when the database was opened a second time:
#0      GeneratedDatabase._handleInstantiated (package:drift/src/runtime/api/db_base.dart:96:30)
#1      GeneratedDatabase._whenConstructed (package:drift/src/runtime/api/db_base.dart:73:12)
#2      new GeneratedDatabase (package:drift/src/runtime/api/db_base.dart:64:5)
#3      new SupplierDatabase (package:supplier_core/src/data/database.dart)
#4      NativeRestore._finishActivation (package:supplier_app/platform/native_restore.dart:338:16)
<asynchronous suspension>
#5      NativeRestore.activateRestore.<anonymous closure> (package:supplier_app/platform/native_restore.dart:174:5)
<asynchronous suspension>
#6      withApplicationWriteContext.<anonymous closure> (package:supplier_core/src/contracts.dart:74:12)
<asynchronous suspension>
#7      NativeApplicationWriteLock.run (package:supplier_app/platform/native_file_ports.dart:193:14)
<asynchronous suspension>
#8      main.<anonymous closure> (file:///Users/muyi/Downloads/dev/software-cost-calculator/apps/supplier_app/test/native_restore_test.dart:203:13)
<asynchronous suspension>
#9      Declarer.test.<anonymous closure>.<anonymous closure> (package:test_api/src/backend/declarer.dart:253:15)
<asynchronous suspension>
#10     Declarer.test.<anonymous closure> (package:test_api/src/backend/declarer.dart:250:11)
<asynchronous suspension>
#11     Invoker._waitForOutstandingCallbacks.<anonymous closure> (package:test_api/src/backend/invoker.dart:318:9)
<asynchronous suspension>
This warning will only appear on debug builds.
00:16 +70: /Users/muyi/Downloads/dev/software-cost-calculator/apps/supplier_app/test/business_import_page_test.dart: merged supplier reimport skips local edits until explicit reprocess
00:16 +70: /Users/muyi/Downloads/dev/software-cost-calculator/apps/supplier_app/test/native_restore_test.dart: intervening business write invalidates candidate preview
WARNING (drift): It looks like you've created the database class _InstallationDatabase multiple times. When these two databases use the same QueryExecutor, race conditions will occur and might corrupt the database. 
Try to follow the advice at https://drift.simonbinder.eu/faq/#using-the-database or, if you know what you're doing, set driftRuntimeOptions.dontWarnAboutMultipleDatabases = true
Here is the stacktrace from when the database was opened a second time:
#0      GeneratedDatabase._handleInstantiated (package:drift/src/runtime/api/db_base.dart:96:30)
#1      GeneratedDatabase._whenConstructed (package:drift/src/runtime/api/db_base.dart:73:12)
#2      new GeneratedDatabase (package:drift/src/runtime/api/db_base.dart:64:5)
#3      new _InstallationDatabase (package:supplier_app/platform/native_database_host.dart:387:38)
#4      new NativeDatabaseHost._ (package:supplier_app/platform/native_database_host.dart:22:19)
#5      NativeDatabaseHost.open (package:supplier_app/platform/native_database_host.dart:41:37)
<asynchronous suspension>
#6      main.<anonymous closure> (file:///Users/muyi/Downloads/dev/software-cost-calculator/apps/supplier_app/test/native_restore_test.dart:29:14)
<asynchronous suspension>
#7      Future._kTrue (dart:async/future.dart:702:3)
<asynchronous suspension>
#8      _CustomZone.bindUnaryCallbackGuarded.<anonymous closure> (dart:async/zone.dart:748:12)
<asynchronous suspension>
This warning will only appear on debug builds.
WARNING (drift): It looks like you've created the database class SupplierDatabase multiple times. When these two databases use the same QueryExecutor, race conditions will occur and might corrupt the database. 
Try to follow the advice at https://drift.simonbinder.eu/faq/#using-the-database or, if you know what you're doing, set driftRuntimeOptions.dontWarnAboutMultipleDatabases = true
Here is the stacktrace from when the database was opened a second time:
#0      GeneratedDatabase._handleInstantiated (package:drift/src/runtime/api/db_base.dart:96:30)
#1      GeneratedDatabase._whenConstructed (package:drift/src/runtime/api/db_base.dart:73:12)
#2      new GeneratedDatabase (package:drift/src/runtime/api/db_base.dart:64:5)
#3      new SupplierDatabase (package:supplier_core/src/data/database.dart)
#4      NativeDatabaseHost.open.<anonymous closure> (package:supplier_app/platform/native_database_host.dart:83:23)
<asynchronous suspension>
#5      withApplicationWriteContext.<anonymous closure> (package:supplier_core/src/contracts.dart:74:12)
<asynchronous suspension>
#6      NativeApplicationWriteLock.run (package:supplier_app/platform/native_file_ports.dart:193:14)
<asynchronous suspension>
#7      NativeDatabaseHost.open (package:supplier_app/platform/native_database_host.dart:44:7)
<asynchronous suspension>
#8      main.<anonymous closure> (file:///Users/muyi/Downloads/dev/software-cost-calculator/apps/supplier_app/test/native_restore_test.dart:29:14)
<asynchronous suspension>
#9      Future._kTrue (dart:async/future.dart:702:3)
<asynchronous suspension>
#10     _CustomZone.bindUnaryCallbackGuarded.<anonymous closure> (dart:async/zone.dart:748:12)
<asynchronous suspension>
This warning will only appear on debug builds.
WARNING (drift): It looks like you've created the database class SupplierDatabase multiple times. When these two databases use the same QueryExecutor, race conditions will occur and might corrupt the database. 
Try to follow the advice at https://drift.simonbinder.eu/faq/#using-the-database or, if you know what you're doing, set driftRuntimeOptions.dontWarnAboutMultipleDatabases = true
Here is the stacktrace from when the database was opened a second time:
#0      GeneratedDatabase._handleInstantiated (package:drift/src/runtime/api/db_base.dart:96:30)
#1      GeneratedDatabase._whenConstructed (package:drift/src/runtime/api/db_base.dart:73:12)
#2      new GeneratedDatabase (package:drift/src/runtime/api/db_base.dart:64:5)
#3      new SupplierDatabase (package:supplier_core/src/data/database.dart)
#4      NativeRestore.prepareRestore (package:supplier_app/platform/native_restore.dart:62:19)
<asynchronous suspension>
#5      main.<anonymous closure> (file:///Users/muyi/Downloads/dev/software-cost-calculator/apps/supplier_app/test/native_restore_test.dart:207:16)
<asynchronous suspension>
#6      Declarer.test.<anonymous closure>.<anonymous closure> (package:test_api/src/backend/declarer.dart:253:15)
<asynchronous suspension>
#7      Declarer.test.<anonymous closure> (package:test_api/src/backend/declarer.dart:250:11)
<asynchronous suspension>
#8      Invoker._waitForOutstandingCallbacks.<anonymous closure> (package:test_api/src/backend/invoker.dart:318:9)
<asynchronous suspension>
This warning will only appear on debug builds.
00:16 +71: /Users/muyi/Downloads/dev/software-cost-calculator/apps/supplier_app/test/business_import_page_test.dart: merged supplier reimport skips local edits until explicit reprocess
00:16 +71: /Users/muyi/Downloads/dev/software-cost-calculator/apps/supplier_app/test/native_restore_test.dart: changed candidate never switches active pointer
WARNING (drift): It looks like you've created the database class _InstallationDatabase multiple times. When these two databases use the same QueryExecutor, race conditions will occur and might corrupt the database. 
Try to follow the advice at https://drift.simonbinder.eu/faq/#using-the-database or, if you know what you're doing, set driftRuntimeOptions.dontWarnAboutMultipleDatabases = true
Here is the stacktrace from when the database was opened a second time:
#0      GeneratedDatabase._handleInstantiated (package:drift/src/runtime/api/db_base.dart:96:30)
#1      GeneratedDatabase._whenConstructed (package:drift/src/runtime/api/db_base.dart:73:12)
#2      new GeneratedDatabase (package:drift/src/runtime/api/db_base.dart:64:5)
#3      new _InstallationDatabase (package:supplier_app/platform/native_database_host.dart:387:38)
#4      new NativeDatabaseHost._ (package:supplier_app/platform/native_database_host.dart:22:19)
#5      NativeDatabaseHost.open (package:supplier_app/platform/native_database_host.dart:41:37)
<asynchronous suspension>
#6      main.<anonymous closure> (file:///Users/muyi/Downloads/dev/software-cost-calculator/apps/supplier_app/test/native_restore_test.dart:29:14)
<asynchronous suspension>
#7      Future._kTrue (dart:async/future.dart:702:3)
<asynchronous suspension>
#8      _CustomZone.bindUnaryCallbackGuarded.<anonymous closure> (dart:async/zone.dart:748:12)
<asynchronous suspension>
This warning will only appear on debug builds.
WARNING (drift): It looks like you've created the database class SupplierDatabase multiple times. When these two databases use the same QueryExecutor, race conditions will occur and might corrupt the database. 
Try to follow the advice at https://drift.simonbinder.eu/faq/#using-the-database or, if you know what you're doing, set driftRuntimeOptions.dontWarnAboutMultipleDatabases = true
Here is the stacktrace from when the database was opened a second time:
#0      GeneratedDatabase._handleInstantiated (package:drift/src/runtime/api/db_base.dart:96:30)
#1      GeneratedDatabase._whenConstructed (package:drift/src/runtime/api/db_base.dart:73:12)
#2      new GeneratedDatabase (package:drift/src/runtime/api/db_base.dart:64:5)
#3      new SupplierDatabase (package:supplier_core/src/data/database.dart)
#4      NativeDatabaseHost.open.<anonymous closure> (package:supplier_app/platform/native_database_host.dart:83:23)
<asynchronous suspension>
#5      withApplicationWriteContext.<anonymous closure> (package:supplier_core/src/contracts.dart:74:12)
<asynchronous suspension>
#6      NativeApplicationWriteLock.run (package:supplier_app/platform/native_file_ports.dart:193:14)
<asynchronous suspension>
#7      NativeDatabaseHost.open (package:supplier_app/platform/native_database_host.dart:44:7)
<asynchronous suspension>
#8      main.<anonymous closure> (file:///Users/muyi/Downloads/dev/software-cost-calculator/apps/supplier_app/test/native_restore_test.dart:29:14)
<asynchronous suspension>
#9      Future._kTrue (dart:async/future.dart:702:3)
<asynchronous suspension>
#10     _CustomZone.bindUnaryCallbackGuarded.<anonymous closure> (dart:async/zone.dart:748:12)
<asynchronous suspension>
This warning will only appear on debug builds.
WARNING (drift): It looks like you've created the database class SupplierDatabase multiple times. When these two databases use the same QueryExecutor, race conditions will occur and might corrupt the database. 
Try to follow the advice at https://drift.simonbinder.eu/faq/#using-the-database or, if you know what you're doing, set driftRuntimeOptions.dontWarnAboutMultipleDatabases = true
Here is the stacktrace from when the database was opened a second time:
#0      GeneratedDatabase._handleInstantiated (package:drift/src/runtime/api/db_base.dart:96:30)
#1      GeneratedDatabase._whenConstructed (package:drift/src/runtime/api/db_base.dart:73:12)
#2      new GeneratedDatabase (package:drift/src/runtime/api/db_base.dart:64:5)
#3      new SupplierDatabase (package:supplier_core/src/data/database.dart)
#4      NativeRestore.prepareRestore (package:supplier_app/platform/native_restore.dart:62:19)
<asynchronous suspension>
#5      main.<anonymous closure> (file:///Users/muyi/Downloads/dev/software-cost-calculator/apps/supplier_app/test/native_restore_test.dart:219:16)
<asynchronous suspension>
#6      Declarer.test.<anonymous closure>.<anonymous closure> (package:test_api/src/backend/declarer.dart:253:15)
<asynchronous suspension>
#7      Declarer.test.<anonymous closure> (package:test_api/src/backend/declarer.dart:250:11)
<asynchronous suspension>
#8      Invoker._waitForOutstandingCallbacks.<anonymous closure> (package:test_api/src/backend/invoker.dart:318:9)
<asynchronous suspension>
This warning will only appear on debug builds.
00:16 +72: /Users/muyi/Downloads/dev/software-cost-calculator/apps/supplier_app/test/business_import_page_test.dart: merged supplier reimport skips local edits until explicit reprocess
00:16 +72: /Users/muyi/Downloads/dev/software-cost-calculator/apps/supplier_app/test/native_restore_test.dart: accepted activation never rolls back after a new write or corrupt reopen
WARNING (drift): It looks like you've created the database class _InstallationDatabase multiple times. When these two databases use the same QueryExecutor, race conditions will occur and might corrupt the database. 
Try to follow the advice at https://drift.simonbinder.eu/faq/#using-the-database or, if you know what you're doing, set driftRuntimeOptions.dontWarnAboutMultipleDatabases = true
Here is the stacktrace from when the database was opened a second time:
#0      GeneratedDatabase._handleInstantiated (package:drift/src/runtime/api/db_base.dart:96:30)
#1      GeneratedDatabase._whenConstructed (package:drift/src/runtime/api/db_base.dart:73:12)
#2      new GeneratedDatabase (package:drift/src/runtime/api/db_base.dart:64:5)
#3      new _InstallationDatabase (package:supplier_app/platform/native_database_host.dart:387:38)
#4      new NativeDatabaseHost._ (package:supplier_app/platform/native_database_host.dart:22:19)
#5      NativeDatabaseHost.open (package:supplier_app/platform/native_database_host.dart:41:37)
<asynchronous suspension>
#6      main.<anonymous closure> (file:///Users/muyi/Downloads/dev/software-cost-calculator/apps/supplier_app/test/native_restore_test.dart:29:14)
<asynchronous suspension>
#7      Future._kTrue (dart:async/future.dart:702:3)
<asynchronous suspension>
#8      _CustomZone.bindUnaryCallbackGuarded.<anonymous closure> (dart:async/zone.dart:748:12)
<asynchronous suspension>
This warning will only appear on debug builds.
WARNING (drift): It looks like you've created the database class SupplierDatabase multiple times. When these two databases use the same QueryExecutor, race conditions will occur and might corrupt the database. 
Try to follow the advice at https://drift.simonbinder.eu/faq/#using-the-database or, if you know what you're doing, set driftRuntimeOptions.dontWarnAboutMultipleDatabases = true
Here is the stacktrace from when the database was opened a second time:
#0      GeneratedDatabase._handleInstantiated (package:drift/src/runtime/api/db_base.dart:96:30)
#1      GeneratedDatabase._whenConstructed (package:drift/src/runtime/api/db_base.dart:73:12)
#2      new GeneratedDatabase (package:drift/src/runtime/api/db_base.dart:64:5)
#3      new SupplierDatabase (package:supplier_core/src/data/database.dart)
#4      NativeDatabaseHost.open.<anonymous closure> (package:supplier_app/platform/native_database_host.dart:83:23)
<asynchronous suspension>
#5      withApplicationWriteContext.<anonymous closure> (package:supplier_core/src/contracts.dart:74:12)
<asynchronous suspension>
#6      NativeApplicationWriteLock.run (package:supplier_app/platform/native_file_ports.dart:193:14)
<asynchronous suspension>
#7      NativeDatabaseHost.open (package:supplier_app/platform/native_database_host.dart:44:7)
<asynchronous suspension>
#8      main.<anonymous closure> (file:///Users/muyi/Downloads/dev/software-cost-calculator/apps/supplier_app/test/native_restore_test.dart:29:14)
<asynchronous suspension>
#9      Future._kTrue (dart:async/future.dart:702:3)
<asynchronous suspension>
#10     _CustomZone.bindUnaryCallbackGuarded.<anonymous closure> (dart:async/zone.dart:748:12)
<asynchronous suspension>
This warning will only appear on debug builds.
WARNING (drift): It looks like you've created the database class SupplierDatabase multiple times. When these two databases use the same QueryExecutor, race conditions will occur and might corrupt the database. 
Try to follow the advice at https://drift.simonbinder.eu/faq/#using-the-database or, if you know what you're doing, set driftRuntimeOptions.dontWarnAboutMultipleDatabases = true
Here is the stacktrace from when the database was opened a second time:
#0      GeneratedDatabase._handleInstantiated (package:drift/src/runtime/api/db_base.dart:96:30)
#1      GeneratedDatabase._whenConstructed (package:drift/src/runtime/api/db_base.dart:73:12)
#2      new GeneratedDatabase (package:drift/src/runtime/api/db_base.dart:64:5)
#3      new SupplierDatabase (package:supplier_core/src/data/database.dart)
#4      NativeRestore.prepareRestore (package:supplier_app/platform/native_restore.dart:62:19)
<asynchronous suspension>
#5      main.<anonymous closure> (file:///Users/muyi/Downloads/dev/software-cost-calculator/apps/supplier_app/test/native_restore_test.dart:234:18)
<asynchronous suspension>
#6      Declarer.test.<anonymous closure>.<anonymous closure> (package:test_api/src/backend/declarer.dart:253:15)
<asynchronous suspension>
#7      Declarer.test.<anonymous closure> (package:test_api/src/backend/declarer.dart:250:11)
<asynchronous suspension>
#8      Invoker._waitForOutstandingCallbacks.<anonymous closure> (package:test_api/src/backend/invoker.dart:318:9)
<asynchronous suspension>
This warning will only appear on debug builds.
WARNING (drift): It looks like you've created the database class SupplierDatabase multiple times. When these two databases use the same QueryExecutor, race conditions will occur and might corrupt the database. 
Try to follow the advice at https://drift.simonbinder.eu/faq/#using-the-database or, if you know what you're doing, set driftRuntimeOptions.dontWarnAboutMultipleDatabases = true
Here is the stacktrace from when the database was opened a second time:
#0      GeneratedDatabase._handleInstantiated (package:drift/src/runtime/api/db_base.dart:96:30)
#1      GeneratedDatabase._whenConstructed (package:drift/src/runtime/api/db_base.dart:73:12)
#2      new GeneratedDatabase (package:drift/src/runtime/api/db_base.dart:64:5)
#3      new SupplierDatabase (package:supplier_core/src/data/database.dart)
#4      NativeRestore._finishActivation (package:supplier_app/platform/native_restore.dart:289:18)
<asynchronous suspension>
#5      NativeRestore.activateRestore.<anonymous closure> (package:supplier_app/platform/native_restore.dart:174:5)
<asynchronous suspension>
#6      withApplicationWriteContext.<anonymous closure> (package:supplier_core/src/contracts.dart:74:12)
<asynchronous suspension>
#7      NativeApplicationWriteLock.run (package:supplier_app/platform/native_file_ports.dart:193:14)
<asynchronous suspension>
#8      main.<anonymous closure> (file:///Users/muyi/Downloads/dev/software-cost-calculator/apps/supplier_app/test/native_restore_test.dart:235:7)
<asynchronous suspension>
#9      Declarer.test.<anonymous closure>.<anonymous closure> (package:test_api/src/backend/declarer.dart:253:15)
<asynchronous suspension>
#10     Declarer.test.<anonymous closure> (package:test_api/src/backend/declarer.dart:250:11)
<asynchronous suspension>
#11     Invoker._waitForOutstandingCallbacks.<anonymous closure> (package:test_api/src/backend/invoker.dart:318:9)
<asynchronous suspension>
This warning will only appear on debug builds.
WARNING (drift): It looks like you've created the database class SupplierDatabase multiple times. When these two databases use the same QueryExecutor, race conditions will occur and might corrupt the database. 
Try to follow the advice at https://drift.simonbinder.eu/faq/#using-the-database or, if you know what you're doing, set driftRuntimeOptions.dontWarnAboutMultipleDatabases = true
Here is the stacktrace from when the database was opened a second time:
#0      GeneratedDatabase._handleInstantiated (package:drift/src/runtime/api/db_base.dart:96:30)
#1      GeneratedDatabase._whenConstructed (package:drift/src/runtime/api/db_base.dart:73:12)
#2      new GeneratedDatabase (package:drift/src/runtime/api/db_base.dart:64:5)
#3      new SupplierDatabase (package:supplier_core/src/data/database.dart)
#4      NativeRestore._finishActivation (package:supplier_app/platform/native_restore.dart:338:16)
<asynchronous suspension>
#5      NativeRestore.activateRestore.<anonymous closure> (package:supplier_app/platform/native_restore.dart:174:5)
<asynchronous suspension>
#6      withApplicationWriteContext.<anonymous closure> (package:supplier_core/src/contracts.dart:74:12)
<asynchronous suspension>
#7      NativeApplicationWriteLock.run (package:supplier_app/platform/native_file_ports.dart:193:14)
<asynchronous suspension>
#8      main.<anonymous closure> (file:///Users/muyi/Downloads/dev/software-cost-calculator/apps/supplier_app/test/native_restore_test.dart:235:7)
<asynchronous suspension>
#9      Declarer.test.<anonymous closure>.<anonymous closure> (package:test_api/src/backend/declarer.dart:253:15)
<asynchronous suspension>
#10     Declarer.test.<anonymous closure> (package:test_api/src/backend/declarer.dart:250:11)
<asynchronous suspension>
#11     Invoker._waitForOutstandingCallbacks.<anonymous closure> (package:test_api/src/backend/invoker.dart:318:9)
<asynchronous suspension>
This warning will only appear on debug builds.
WARNING (drift): It looks like you've created the database class _InstallationDatabase multiple times. When these two databases use the same QueryExecutor, race conditions will occur and might corrupt the database. 
Try to follow the advice at https://drift.simonbinder.eu/faq/#using-the-database or, if you know what you're doing, set driftRuntimeOptions.dontWarnAboutMultipleDatabases = true
Here is the stacktrace from when the database was opened a second time:
#0      GeneratedDatabase._handleInstantiated (package:drift/src/runtime/api/db_base.dart:96:30)
#1      GeneratedDatabase._whenConstructed (package:drift/src/runtime/api/db_base.dart:73:12)
#2      new GeneratedDatabase (package:drift/src/runtime/api/db_base.dart:64:5)
#3      new _InstallationDatabase (package:supplier_app/platform/native_database_host.dart:387:38)
#4      new NativeDatabaseHost._ (package:supplier_app/platform/native_database_host.dart:22:19)
#5      NativeDatabaseHost.open (package:supplier_app/platform/native_database_host.dart:41:37)
<asynchronous suspension>
#6      main.<anonymous closure> (file:///Users/muyi/Downloads/dev/software-cost-calculator/apps/supplier_app/test/native_restore_test.dart:236:24)
<asynchronous suspension>
#7      Declarer.test.<anonymous closure>.<anonymous closure> (package:test_api/src/backend/declarer.dart:253:15)
<asynchronous suspension>
#8      Declarer.test.<anonymous closure> (package:test_api/src/backend/declarer.dart:250:11)
<asynchronous suspension>
#9      Invoker._waitForOutstandingCallbacks.<anonymous closure> (package:test_api/src/backend/invoker.dart:318:9)
<asynchronous suspension>
This warning will only appear on debug builds.
WARNING (drift): It looks like you've created the database class SupplierDatabase multiple times. When these two databases use the same QueryExecutor, race conditions will occur and might corrupt the database. 
Try to follow the advice at https://drift.simonbinder.eu/faq/#using-the-database or, if you know what you're doing, set driftRuntimeOptions.dontWarnAboutMultipleDatabases = true
Here is the stacktrace from when the database was opened a second time:
#0      GeneratedDatabase._handleInstantiated (package:drift/src/runtime/api/db_base.dart:96:30)
#1      GeneratedDatabase._whenConstructed (package:drift/src/runtime/api/db_base.dart:73:12)
#2      new GeneratedDatabase (package:drift/src/runtime/api/db_base.dart:64:5)
#3      new SupplierDatabase (package:supplier_core/src/data/database.dart)
#4      NativeDatabaseHost.open.<anonymous closure> (package:supplier_app/platform/native_database_host.dart:112:23)
<asynchronous suspension>
#5      withApplicationWriteContext.<anonymous closure> (package:supplier_core/src/contracts.dart:74:12)
<asynchronous suspension>
#6      NativeApplicationWriteLock.run (package:supplier_app/platform/native_file_ports.dart:193:14)
<asynchronous suspension>
#7      NativeDatabaseHost.open (package:supplier_app/platform/native_database_host.dart:44:7)
<asynchronous suspension>
#8      main.<anonymous closure> (file:///Users/muyi/Downloads/dev/software-cost-calculator/apps/supplier_app/test/native_restore_test.dart:236:24)
<asynchronous suspension>
#9      Declarer.test.<anonymous closure>.<anonymous closure> (package:test_api/src/backend/declarer.dart:253:15)
<asynchronous suspension>
#10     Declarer.test.<anonymous closure> (package:test_api/src/backend/declarer.dart:250:11)
<asynchronous suspension>
#11     Invoker._waitForOutstandingCallbacks.<anonymous closure> (package:test_api/src/backend/invoker.dart:318:9)
<asynchronous suspension>
This warning will only appear on debug builds.
WARNING (drift): It looks like you've created the database class _InstallationDatabase multiple times. When these two databases use the same QueryExecutor, race conditions will occur and might corrupt the database. 
Try to follow the advice at https://drift.simonbinder.eu/faq/#using-the-database or, if you know what you're doing, set driftRuntimeOptions.dontWarnAboutMultipleDatabases = true
Here is the stacktrace from when the database was opened a second time:
#0      GeneratedDatabase._handleInstantiated (package:drift/src/runtime/api/db_base.dart:96:30)
#1      GeneratedDatabase._whenConstructed (package:drift/src/runtime/api/db_base.dart:73:12)
#2      new GeneratedDatabase (package:drift/src/runtime/api/db_base.dart:64:5)
#3      new _InstallationDatabase (package:supplier_app/platform/native_database_host.dart:387:38)
#4      new NativeDatabaseHost._ (package:supplier_app/platform/native_database_host.dart:22:19)
#5      NativeDatabaseHost.open (package:supplier_app/platform/native_database_host.dart:41:37)
<asynchronous suspension>
#6      Throws._matchFuture (package:matcher/src/expect/throws_matcher.dart:103:19)
<asynchronous suspension>
#7      _expect.<anonymous closure> (package:matcher/src/expect/expect.dart:153:17)
<asynchronous suspension>
#8      StackZoneSpecification._registerCallback.<anonymous closure> (package:stack_trace/src/stack_zone_specification.dart:114:42)
<asynchronous suspension>
#9      expectLater.<anonymous closure> (package:flutter_test/src/widget_tester.dart:508:19)
<asynchronous suspension>
#10     main.<anonymous closure> (file:///Users/muyi/Downloads/dev/software-cost-calculator/apps/supplier_app/test/native_restore_test.dart:241:7)
<asynchronous suspension>
#11     Declarer.test.<anonymous closure>.<anonymous closure> (package:test_api/src/backend/declarer.dart:253:15)
<asynchronous suspension>
#12     Declarer.test.<anonymous closure> (package:test_api/src/backend/declarer.dart:250:11)
<asynchronous suspension>
#13     Invoker._waitForOutstandingCallbacks.<anonymous closure> (package:test_api/src/backend/invoker.dart:318:9)
<asynchronous suspension>
This warning will only appear on debug builds.
00:16 +73: /Users/muyi/Downloads/dev/software-cost-calculator/apps/supplier_app/test/business_import_page_test.dart: merged supplier reimport skips local edits until explicit reprocess
00:19 +74: /Users/muyi/Downloads/dev/software-cost-calculator/apps/supplier_app/test/business_import_page_test.dart: merged supplier reimport skips local edits until explicit reprocess
00:19 +75: /Users/muyi/Downloads/dev/software-cost-calculator/apps/supplier_app/test/business_import_page_test.dart: merged supplier reimport skips local edits until explicit reprocess
00:19 +76: /Users/muyi/Downloads/dev/software-cost-calculator/apps/supplier_app/test/business_import_page_test.dart: merged supplier reimport skips local edits until explicit reprocess
00:19 +77: /Users/muyi/Downloads/dev/software-cost-calculator/apps/supplier_app/test/business_import_page_test.dart: merged supplier reimport skips local edits until explicit reprocess
00:19 +78: /Users/muyi/Downloads/dev/software-cost-calculator/apps/supplier_app/test/business_import_page_test.dart: merged supplier reimport skips local edits until explicit reprocess
00:19 +79: /Users/muyi/Downloads/dev/software-cost-calculator/apps/supplier_app/test/business_import_page_test.dart: merged supplier reimport skips local edits until explicit reprocess
00:19 +80: /Users/muyi/Downloads/dev/software-cost-calculator/apps/supplier_app/test/business_import_page_test.dart: merged supplier reimport skips local edits until explicit reprocess
00:19 +81: /Users/muyi/Downloads/dev/software-cost-calculator/apps/supplier_app/test/business_import_page_test.dart: merged supplier reimport skips local edits until explicit reprocess
00:20 +82: /Users/muyi/Downloads/dev/software-cost-calculator/apps/supplier_app/test/business_import_page_test.dart: merged supplier reimport skips local edits until explicit reprocess
00:20 +83: /Users/muyi/Downloads/dev/software-cost-calculator/apps/supplier_app/test/business_import_page_test.dart: merged supplier reimport skips local edits until explicit reprocess
00:20 +84: /Users/muyi/Downloads/dev/software-cost-calculator/apps/supplier_app/test/business_import_page_test.dart: merged supplier reimport skips local edits until explicit reprocess
00:20 +85: /Users/muyi/Downloads/dev/software-cost-calculator/apps/supplier_app/test/business_import_page_test.dart: merged supplier reimport skips local edits until explicit reprocess
00:20 +85: /Users/muyi/Downloads/dev/software-cost-calculator/apps/supplier_app/test/restore_workflow_test.dart: native adapter restores real backup only after confirmation and keeps safety backup
WARNING (drift): It looks like you've created the database class _InstallationDatabase multiple times. When these two databases use the same QueryExecutor, race conditions will occur and might corrupt the database. 
Try to follow the advice at https://drift.simonbinder.eu/faq/#using-the-database or, if you know what you're doing, set driftRuntimeOptions.dontWarnAboutMultipleDatabases = true
Here is the stacktrace from when the database was opened a second time:
#0      GeneratedDatabase._handleInstantiated (package:drift/src/runtime/api/db_base.dart:96:30)
#1      GeneratedDatabase._whenConstructed (package:drift/src/runtime/api/db_base.dart:73:12)
#2      new GeneratedDatabase (package:drift/src/runtime/api/db_base.dart:64:5)
#3      new _InstallationDatabase (package:supplier_app/platform/native_database_host.dart:387:38)
#4      new NativeDatabaseHost._ (package:supplier_app/platform/native_database_host.dart:22:19)
#5      NativeDatabaseHost.open (package:supplier_app/platform/native_database_host.dart:41:37)
<asynchronous suspension>
#6      main.<anonymous closure> (file:///Users/muyi/Downloads/dev/software-cost-calculator/apps/supplier_app/test/restore_workflow_test.dart:132:18)
<asynchronous suspension>
#7      Declarer.test.<anonymous closure>.<anonymous closure> (package:test_api/src/backend/declarer.dart:253:15)
<asynchronous suspension>
#8      Declarer.test.<anonymous closure> (package:test_api/src/backend/declarer.dart:250:11)
<asynchronous suspension>
#9      Invoker._waitForOutstandingCallbacks.<anonymous closure> (package:test_api/src/backend/invoker.dart:318:9)
<asynchronous suspension>
This warning will only appear on debug builds.
WARNING (drift): It looks like you've created the database class SupplierDatabase multiple times. When these two databases use the same QueryExecutor, race conditions will occur and might corrupt the database. 
Try to follow the advice at https://drift.simonbinder.eu/faq/#using-the-database or, if you know what you're doing, set driftRuntimeOptions.dontWarnAboutMultipleDatabases = true
Here is the stacktrace from when the database was opened a second time:
#0      GeneratedDatabase._handleInstantiated (package:drift/src/runtime/api/db_base.dart:96:30)
#1      GeneratedDatabase._whenConstructed (package:drift/src/runtime/api/db_base.dart:73:12)
#2      new GeneratedDatabase (package:drift/src/runtime/api/db_base.dart:64:5)
#3      new SupplierDatabase (package:supplier_core/src/data/database.dart)
#4      NativeDatabaseHost.open.<anonymous closure> (package:supplier_app/platform/native_database_host.dart:83:23)
<asynchronous suspension>
#5      withApplicationWriteContext.<anonymous closure> (package:supplier_core/src/contracts.dart:74:12)
<asynchronous suspension>
#6      NativeApplicationWriteLock.run (package:supplier_app/platform/native_file_ports.dart:193:14)
<asynchronous suspension>
#7      NativeDatabaseHost.open (package:supplier_app/platform/native_database_host.dart:44:7)
<asynchronous suspension>
#8      main.<anonymous closure> (file:///Users/muyi/Downloads/dev/software-cost-calculator/apps/supplier_app/test/restore_workflow_test.dart:132:18)
<asynchronous suspension>
#9      Declarer.test.<anonymous closure>.<anonymous closure> (package:test_api/src/backend/declarer.dart:253:15)
<asynchronous suspension>
#10     Declarer.test.<anonymous closure> (package:test_api/src/backend/declarer.dart:250:11)
<asynchronous suspension>
#11     Invoker._waitForOutstandingCallbacks.<anonymous closure> (package:test_api/src/backend/invoker.dart:318:9)
<asynchronous suspension>
This warning will only appear on debug builds.
00:20 +86: /Users/muyi/Downloads/dev/software-cost-calculator/apps/supplier_app/test/business_import_page_test.dart: merged supplier reimport skips local edits until explicit reprocess
00:20 +87: /Users/muyi/Downloads/dev/software-cost-calculator/apps/supplier_app/test/business_import_page_test.dart: merged supplier reimport skips local edits until explicit reprocess
00:20 +87: /Users/muyi/Downloads/dev/software-cost-calculator/apps/supplier_app/test/restore_workflow_test.dart: native adapter restores real backup only after confirmation and keeps safety backup
WARNING (drift): It looks like you've created the database class SupplierDatabase multiple times. When these two databases use the same QueryExecutor, race conditions will occur and might corrupt the database. 
Try to follow the advice at https://drift.simonbinder.eu/faq/#using-the-database or, if you know what you're doing, set driftRuntimeOptions.dontWarnAboutMultipleDatabases = true
Here is the stacktrace from when the database was opened a second time:
#0      GeneratedDatabase._handleInstantiated (package:drift/src/runtime/api/db_base.dart:96:30)
#1      GeneratedDatabase._whenConstructed (package:drift/src/runtime/api/db_base.dart:73:12)
#2      new GeneratedDatabase (package:drift/src/runtime/api/db_base.dart:64:5)
#3      new SupplierDatabase (package:supplier_core/src/data/database.dart)
#4      NativeRestore.prepareRestore (package:supplier_app/platform/native_restore.dart:62:19)
<asynchronous suspension>
#5      nativeRestoreWorkflow.<anonymous closure> (package:supplier_app/platform/native_restore_workflow.dart:21:25)
<asynchronous suspension>
#6      RestoreWorkflow.prepare (package:supplier_app/platform/restore_workflow.dart:71:22)
<asynchronous suspension>
#7      main.<anonymous closure> (file:///Users/muyi/Downloads/dev/software-cost-calculator/apps/supplier_app/test/restore_workflow_test.dart:163:24)
<asynchronous suspension>
#8      Declarer.test.<anonymous closure>.<anonymous closure> (package:test_api/src/backend/declarer.dart:253:15)
<asynchronous suspension>
#9      Declarer.test.<anonymous closure> (package:test_api/src/backend/declarer.dart:250:11)
<asynchronous suspension>
#10     Invoker._waitForOutstandingCallbacks.<anonymous closure> (package:test_api/src/backend/invoker.dart:318:9)
<asynchronous suspension>
This warning will only appear on debug builds.
WARNING (drift): It looks like you've created the database class SupplierDatabase multiple times. When these two databases use the same QueryExecutor, race conditions will occur and might corrupt the database. 
Try to follow the advice at https://drift.simonbinder.eu/faq/#using-the-database or, if you know what you're doing, set driftRuntimeOptions.dontWarnAboutMultipleDatabases = true
Here is the stacktrace from when the database was opened a second time:
#0      GeneratedDatabase._handleInstantiated (package:drift/src/runtime/api/db_base.dart:96:30)
#1      GeneratedDatabase._whenConstructed (package:drift/src/runtime/api/db_base.dart:73:12)
#2      new GeneratedDatabase (package:drift/src/runtime/api/db_base.dart:64:5)
#3      new SupplierDatabase (package:supplier_core/src/data/database.dart)
#4      NativeRestore._finishActivation (package:supplier_app/platform/native_restore.dart:289:18)
<asynchronous suspension>
#5      NativeRestore.activateRestore.<anonymous closure> (package:supplier_app/platform/native_restore.dart:174:5)
<asynchronous suspension>
#6      withApplicationWriteContext.<anonymous closure> (package:supplier_core/src/contracts.dart:74:12)
<asynchronous suspension>
#7      NativeApplicationWriteLock.run (package:supplier_app/platform/native_file_ports.dart:193:14)
<asynchronous suspension>
#8      RestoreWorkflow.confirmAndActivate (package:supplier_app/platform/restore_workflow.dart:97:7)
<asynchronous suspension>
#9      main.<anonymous closure> (file:///Users/muyi/Downloads/dev/software-cost-calculator/apps/supplier_app/test/restore_workflow_test.dart:170:16)
<asynchronous suspension>
#10     Declarer.test.<anonymous closure>.<anonymous closure> (package:test_api/src/backend/declarer.dart:253:15)
<asynchronous suspension>
#11     Declarer.test.<anonymous closure> (package:test_api/src/backend/declarer.dart:250:11)
<asynchronous suspension>
#12     Invoker._waitForOutstandingCallbacks.<anonymous closure> (package:test_api/src/backend/invoker.dart:318:9)
<asynchronous suspension>
This warning will only appear on debug builds.
WARNING (drift): It looks like you've created the database class SupplierDatabase multiple times. When these two databases use the same QueryExecutor, race conditions will occur and might corrupt the database. 
Try to follow the advice at https://drift.simonbinder.eu/faq/#using-the-database or, if you know what you're doing, set driftRuntimeOptions.dontWarnAboutMultipleDatabases = true
Here is the stacktrace from when the database was opened a second time:
#0      GeneratedDatabase._handleInstantiated (package:drift/src/runtime/api/db_base.dart:96:30)
#1      GeneratedDatabase._whenConstructed (package:drift/src/runtime/api/db_base.dart:73:12)
#2      new GeneratedDatabase (package:drift/src/runtime/api/db_base.dart:64:5)
#3      new SupplierDatabase (package:supplier_core/src/data/database.dart)
#4      NativeRestore._finishActivation (package:supplier_app/platform/native_restore.dart:338:16)
<asynchronous suspension>
#5      NativeRestore.activateRestore.<anonymous closure> (package:supplier_app/platform/native_restore.dart:174:5)
<asynchronous suspension>
#6      withApplicationWriteContext.<anonymous closure> (package:supplier_core/src/contracts.dart:74:12)
<asynchronous suspension>
#7      NativeApplicationWriteLock.run (package:supplier_app/platform/native_file_ports.dart:193:14)
<asynchronous suspension>
#8      RestoreWorkflow.confirmAndActivate (package:supplier_app/platform/restore_workflow.dart:97:7)
<asynchronous suspension>
#9      main.<anonymous closure> (file:///Users/muyi/Downloads/dev/software-cost-calculator/apps/supplier_app/test/restore_workflow_test.dart:170:16)
<asynchronous suspension>
#10     Declarer.test.<anonymous closure>.<anonymous closure> (package:test_api/src/backend/declarer.dart:253:15)
<asynchronous suspension>
#11     Declarer.test.<anonymous closure> (package:test_api/src/backend/declarer.dart:250:11)
<asynchronous suspension>
#12     Invoker._waitForOutstandingCallbacks.<anonymous closure> (package:test_api/src/backend/invoker.dart:318:9)
<asynchronous suspension>
This warning will only appear on debug builds.
WARNING (drift): It looks like you've created the database class _InstallationDatabase multiple times. When these two databases use the same QueryExecutor, race conditions will occur and might corrupt the database. 
Try to follow the advice at https://drift.simonbinder.eu/faq/#using-the-database or, if you know what you're doing, set driftRuntimeOptions.dontWarnAboutMultipleDatabases = true
Here is the stacktrace from when the database was opened a second time:
#0      GeneratedDatabase._handleInstantiated (package:drift/src/runtime/api/db_base.dart:96:30)
#1      GeneratedDatabase._whenConstructed (package:drift/src/runtime/api/db_base.dart:73:12)
#2      new GeneratedDatabase (package:drift/src/runtime/api/db_base.dart:64:5)
#3      new _InstallationDatabase (package:supplier_app/platform/native_database_host.dart:387:38)
#4      new NativeDatabaseHost._ (package:supplier_app/platform/native_database_host.dart:22:19)
#5      NativeDatabaseHost.open (package:supplier_app/platform/native_database_host.dart:41:37)
<asynchronous suspension>
#6      RestoreWorkflow.confirmAndActivate (package:supplier_app/platform/restore_workflow.dart:118:25)
<asynchronous suspension>
#7      main.<anonymous closure> (file:///Users/muyi/Downloads/dev/software-cost-calculator/apps/supplier_app/test/restore_workflow_test.dart:170:16)
<asynchronous suspension>
#8      Declarer.test.<anonymous closure>.<anonymous closure> (package:test_api/src/backend/declarer.dart:253:15)
<asynchronous suspension>
#9      Declarer.test.<anonymous closure> (package:test_api/src/backend/declarer.dart:250:11)
<asynchronous suspension>
#10     Invoker._waitForOutstandingCallbacks.<anonymous closure> (package:test_api/src/backend/invoker.dart:318:9)
<asynchronous suspension>
This warning will only appear on debug builds.
WARNING (drift): It looks like you've created the database class SupplierDatabase multiple times. When these two databases use the same QueryExecutor, race conditions will occur and might corrupt the database. 
Try to follow the advice at https://drift.simonbinder.eu/faq/#using-the-database or, if you know what you're doing, set driftRuntimeOptions.dontWarnAboutMultipleDatabases = true
Here is the stacktrace from when the database was opened a second time:
#0      GeneratedDatabase._handleInstantiated (package:drift/src/runtime/api/db_base.dart:96:30)
#1      GeneratedDatabase._whenConstructed (package:drift/src/runtime/api/db_base.dart:73:12)
#2      new GeneratedDatabase (package:drift/src/runtime/api/db_base.dart:64:5)
#3      new SupplierDatabase (package:supplier_core/src/data/database.dart)
#4      NativeDatabaseHost.open.<anonymous closure> (package:supplier_app/platform/native_database_host.dart:112:23)
<asynchronous suspension>
#5      withApplicationWriteContext.<anonymous closure> (package:supplier_core/src/contracts.dart:74:12)
<asynchronous suspension>
#6      NativeApplicationWriteLock.run (package:supplier_app/platform/native_file_ports.dart:193:14)
<asynchronous suspension>
#7      NativeDatabaseHost.open (package:supplier_app/platform/native_database_host.dart:44:7)
<asynchronous suspension>
#8      RestoreWorkflow.confirmAndActivate (package:supplier_app/platform/restore_workflow.dart:118:25)
<asynchronous suspension>
#9      main.<anonymous closure> (file:///Users/muyi/Downloads/dev/software-cost-calculator/apps/supplier_app/test/restore_workflow_test.dart:170:16)
<asynchronous suspension>
#10     Declarer.test.<anonymous closure>.<anonymous closure> (package:test_api/src/backend/declarer.dart:253:15)
<asynchronous suspension>
#11     Declarer.test.<anonymous closure> (package:test_api/src/backend/declarer.dart:250:11)
<asynchronous suspension>
#12     Invoker._waitForOutstandingCallbacks.<anonymous closure> (package:test_api/src/backend/invoker.dart:318:9)
<asynchronous suspension>
This warning will only appear on debug builds.
00:20 +88: /Users/muyi/Downloads/dev/software-cost-calculator/apps/supplier_app/test/business_import_page_test.dart: merged supplier reimport skips local edits until explicit reprocess
00:23 +89: /Users/muyi/Downloads/dev/software-cost-calculator/apps/supplier_app/test/business_import_page_test.dart: merged supplier reimport skips local edits until explicit reprocess
00:23 +90: /Users/muyi/Downloads/dev/software-cost-calculator/apps/supplier_app/test/business_import_page_test.dart: merged supplier reimport skips local edits until explicit reprocess
00:23 +91: /Users/muyi/Downloads/dev/software-cost-calculator/apps/supplier_app/test/business_import_page_test.dart: merged supplier reimport skips local edits until explicit reprocess
00:24 +92: /Users/muyi/Downloads/dev/software-cost-calculator/apps/supplier_app/test/business_import_page_test.dart: merged supplier reimport skips local edits until explicit reprocess
00:24 +93: /Users/muyi/Downloads/dev/software-cost-calculator/apps/supplier_app/test/business_import_page_test.dart: merged supplier reimport skips local edits until explicit reprocess
00:24 +94: /Users/muyi/Downloads/dev/software-cost-calculator/apps/supplier_app/test/business_import_page_test.dart: merged supplier reimport skips local edits until explicit reprocess
00:24 +95: /Users/muyi/Downloads/dev/software-cost-calculator/apps/supplier_app/test/business_import_page_test.dart: merged supplier reimport skips local edits until explicit reprocess
00:24 +96: /Users/muyi/Downloads/dev/software-cost-calculator/apps/supplier_app/test/business_import_page_test.dart: merged supplier reimport skips local edits until explicit reprocess
00:24 +97: /Users/muyi/Downloads/dev/software-cost-calculator/apps/supplier_app/test/business_import_page_test.dart: merged supplier reimport skips local edits until explicit reprocess
00:24 +98: /Users/muyi/Downloads/dev/software-cost-calculator/apps/supplier_app/test/business_import_page_test.dart: merged supplier reimport skips local edits until explicit reprocess
00:24 +99: /Users/muyi/Downloads/dev/software-cost-calculator/apps/supplier_app/test/business_import_page_test.dart: merged supplier reimport skips local edits until explicit reprocess
00:24 +100: /Users/muyi/Downloads/dev/software-cost-calculator/apps/supplier_app/test/business_import_page_test.dart: merged supplier reimport skips local edits until explicit reprocess
00:24 +101: /Users/muyi/Downloads/dev/software-cost-calculator/apps/supplier_app/test/business_import_page_test.dart: merged supplier reimport skips local edits until explicit reprocess
00:26 +102: /Users/muyi/Downloads/dev/software-cost-calculator/apps/supplier_app/test/business_import_page_test.dart: merged supplier reimport skips local edits until explicit reprocess
00:26 +103: /Users/muyi/Downloads/dev/software-cost-calculator/apps/supplier_app/test/business_import_page_test.dart: merged supplier reimport skips local edits until explicit reprocess
00:26 +104: /Users/muyi/Downloads/dev/software-cost-calculator/apps/supplier_app/test/business_import_page_test.dart: merged supplier reimport skips local edits until explicit reprocess
00:26 +105: /Users/muyi/Downloads/dev/software-cost-calculator/apps/supplier_app/test/business_import_page_test.dart: merged supplier reimport skips local edits until explicit reprocess
00:26 +106: /Users/muyi/Downloads/dev/software-cost-calculator/apps/supplier_app/test/business_import_page_test.dart: merged supplier reimport skips local edits until explicit reprocess
00:26 +107: /Users/muyi/Downloads/dev/software-cost-calculator/apps/supplier_app/test/business_import_page_test.dart: merged supplier reimport skips local edits until explicit reprocess
00:26 +108: /Users/muyi/Downloads/dev/software-cost-calculator/apps/supplier_app/test/business_import_page_test.dart: merged supplier reimport skips local edits until explicit reprocess
00:26 +109: /Users/muyi/Downloads/dev/software-cost-calculator/apps/supplier_app/test/business_import_page_test.dart: merged supplier reimport skips local edits until explicit reprocess
00:27 +110: /Users/muyi/Downloads/dev/software-cost-calculator/apps/supplier_app/test/business_import_page_test.dart: merged supplier reimport skips local edits until explicit reprocess
00:27 +111: /Users/muyi/Downloads/dev/software-cost-calculator/apps/supplier_app/test/business_import_page_test.dart: merged supplier reimport skips local edits until explicit reprocess
00:27 +112: /Users/muyi/Downloads/dev/software-cost-calculator/apps/supplier_app/test/business_import_page_test.dart: merged supplier reimport skips local edits until explicit reprocess
00:33 +113: /Users/muyi/Downloads/dev/software-cost-calculator/apps/supplier_app/test/business_import_page_test.dart: real workbook UI previews, confirms a row, then commits only after final confirmation
00:36 +114: /Users/muyi/Downloads/dev/software-cost-calculator/apps/supplier_app/test/business_import_page_test.dart: invalid file reports failure and never a success message
00:36 +115: /Users/muyi/Downloads/dev/software-cost-calculator/apps/supplier_app/test/business_import_page_test.dart: source receipt history can load beyond the first page
00:42 +116: All tests passed!
